fips,wage,employment
01001,24803.96302578019,8844
01003,21926.45079148272,40999
01005,22849.065015166834,9890
01007,20039.409530900968,2686
01009,21934.782148670645,7372
01011,20437.665465032445,2774
01013,20732.829733163915,5509
01015,23512.288642796295,36391
01017,25074.842758491974,10716
01019,20769.762326869804,3610
01021,21080.87942739079,6776
01023,38249.74580801944,4115
01025,23886.008173374612,8075
01027,20621.15794550277,4147
01029,23851.65808170515,2252
01031,20308.59765788373,11955
01033,25948.38877489439,16570
01035,24428.602743811512,3353
01037,26482.501291989665,1548
01039,22569.05455883706,10869
01041,22068.54344262295,2440
01043,24743.52376902417,22340
01045,27980.998062178784,11869
01047,22920.70999030068,14434
01049,23395.599572927305,21542
01051,22215.995628849592,10066
01053,24555.274991556907,11844
01055,24941.62883168563,32166
01057,22429.301793298724,4238
01059,20908.11109893722,9127
01061,19604.4536643026,4230
01063,24041.433486238533,1308
01065,20536.967846820808,2768
01067,23296.823120149853,3737
01069,26127.291634670168,40369
01071,25525.949457975505,14206
01073,33602.49618157836,328277
01075,25038.879386939137,4502
01077,21690.8562886348,24751
01079,35212.493840985444,5358
01081,21918.595406724886,29086
01083,33490.130971485,16202
01085,32156.810039370077,2032
01087,17334.70538023797,3866
01089,34112.112644819594,120840
01091,24916.81200435391,6431
01093,24008.3947265625,10240
01095,23291.137155686618,29842
01097,28212.987053812634,142513
01099,29829.042264150943,7950
01101,27376.93330246853,101518
01103,29005.93039069072,42796
01105,19407.577353215285,2146
01107,22186.238752249552,3334
01109,22164.396526469973,9558
01111,20451.289102707542,4469
01113,25261.380130175374,11062
01115,23141.830833942942,10936
01117,32498.653031643084,40704
01119,21885.562228654126,2764
01121,26111.275167785236,20562
01123,23310.062792877226,13871
01125,28461.673940593373,57603
01127,23057.310760861983,14339
01129,44409.72765837104,3536
01131,35028.767785771386,2502
01133,21585.234367868554,8764
02013,32667.838850174216,1148
02016,34908.66580310881,2702
02020,34505.03781933463,102831
02050,24429.959714990408,3649
02060,31031.40200286123,699
02068,32608.722752043595,1468
02070,28858.28229398664,1796
02090,30621.469019885735,22579
02100,25725.238693467338,796
02110,27685.410816224336,9985
02122,32867.61296583851,12880
02130,30103.10628825821,5391
02150,28296.08600682594,4395
02164,26351.559772296016,527
02170,25076.857096354168,9216
02180,26631.64285714286,2072
02185,71342.0906641306,6309
02188,45229.26123301985,1914
02201,27511.05407725322,1165
02220,26823.60236886633,2955
02232,28550.827715355805,1068
02240,24567.0,957
02261,38061.4244085401,3466
02270,16724.989749430522,878
02280,25470.776497695853,1736
02282,26917.785211267605,284
02290,23972.564231738037,794
04001,21199.560772587683,12374
04003,22148.38585812357,21850
04005,21881.388871465162,38262
04007,24560.48456475387,10787
04009,18450.744975145884,4627
04011,38866.583732057414,3971
04012,19479.70168695281,4683
04013,35083.86400068069,1363323
04015,21958.099738001667,33588
04017,22396.437161489997,18094
04019,28278.43387179214,271949
04021,26060.60907781512,27077
04023,24499.65331858407,9040
04025,22517.74247228572,40683
04027,19806.538205675224,43593
05001,24978.562135319677,8055
05003,31287.617304296644,8495
05005,22416.923694147263,12712
05007,32649.252559033583,63989
05009,23157.86374903838,11699
05011,22118.05296950241,3115
05013,31453.22265778126,2551
05015,18822.513884166383,8823
05017,18673.309252997235,3253
05019,20431.381242532854,8370
05021,18218.653300076745,5212
05023,20286.56643982808,5584
05025,17998.394150417826,718
05027,24984.808436486,8321
05029,25301.392226811866,5326
05031,24681.220228578197,33774
05033,24256.523003737682,14715
05035,23025.43853327681,14154
05037,21969.08165475417,4617
05039,22373.144825268817,2976
05041,24807.38611111111,4320
05043,20165.556397451353,5807
05045,26298.008320621273,28844
05047,20721.18243036425,3267
05049,16143.051012753189,1333
05051,22703.819179798247,30334
05053,22731.03367113436,3059
05055,22984.32342736461,13258
05057,21477.30536870161,7879
05059,23994.12231352718,6328
05061,20939.32153584955,7657
05063,23595.937273739906,14364
05065,18900.395209580838,2171
05067,22578.13874719445,4901
05069,25400.082581869956,27391
05071,20061.62976457399,7136
05073,21952.249819494584,1385
05075,19475.15824357912,3621
05077,19811.997642899234,1697
05079,20029.41379310345,1972
05081,37955.51940700808,3710
05083,20982.71603348358,4659
05085,20920.550637311702,8630
05087,20904.76464891041,2065
05089,18699.8696908408,3461
05091,25305.36622488243,11695
05093,27086.021722643552,18460
05095,17261.002976190477,2352
05097,17523.6660730187,1123
05099,24763.653163152052,1802
05101,13490.456260720412,583
05103,23205.865515674694,6603
05105,18014.971556886227,668
05107,21264.446812108912,5913
05109,18212.02493765586,2406
05111,21045.78665910809,5292
05113,18926.60708756236,5813
05115,26086.499673507464,21440
05117,20224.3571945047,1383
05119,30011.697588229912,196702
05121,19316.977796574327,4729
05123,21312.3956284153,7320
05125,24071.253444706217,14007
05127,18069.494171670787,2831
05129,13430.864186046512,1075
05131,26645.07389418907,69180
05133,20099.10959192259,4754
05135,16744.80439882698,3410
05137,16489.161182840482,2401
05139,26619.665871248275,18858
05141,17547.03246533649,2957
05143,25511.410751025054,68533
05145,23732.50319973055,20783
05147,22341.758350730688,1916
05149,19322.836459246275,5705
06001,44514.79106201484,586150
06003,14129.020661157025,968
06005,22996.628444230537,8311
06007,23304.12834437315,57821
06009,20906.151915903698,5898
06011,22259.81798142025,6351
06013,43185.1230643039,292595
06015,19679.58162207011,4821
06017,28451.380974330903,34711
06019,24083.061972509342,265763
06021,21806.668375464025,5657
06023,23369.13385131097,38483
06025,19908.38479790316,36245
06027,21783.951360417443,5366
06029,25418.012941717352,189233
06031,22435.74824333972,26613
06033,20714.052466085708,11131
06035,22991.17952157389,4473
06037,39226.16596626281,3548191
06039,21698.25838777193,31534
06041,43144.73473282443,99036
06043,20277.206001875587,3199
06045,22781.663243677824,27364
06047,23300.744643756538,51622
06049,17556.696876913655,1633
06051,19939.22086012862,4976
06053,28039.486257646953,135348
06055,32601.940611505917,51643
06057,27737.57800194673,22602
06059,39298.66910636855,1250426
06061,33550.85268768182,92124
06063,24283.473285745185,4623
06065,27401.60124930342,385815
06067,34428.47580563867,406727
06069,26835.57007087629,12416
06071,28175.576136717445,433595
06073,36842.76588967123,1004253
06075,58555.07113498695,523821
06077,27641.420018322584,167007
06079,25918.16999186202,76186
06081,68953.14891060855,350425
06083,31536.471614122813,147591
06085,79544.16112143827,943574
06087,35740.14557302635,85476
06089,25625.305050712017,48805
06091,26226.34358974359,585
06093,19800.01333706398,10722
06095,30164.744598014404,92466
06097,35678.346777625135,164506
06099,26640.359159102736,138376
06101,22805.82961736929,20542
06103,24071.85074404762,13440
06105,17701.485011990408,1668
06107,21688.141525302923,105225
06109,22806.796454713818,11339
06111,36346.12422304772,246315
06113,29968.55798669552,62385
06115,25387.669293453928,11167
08001,33644.74457236972,126897
08003,20450.9112634309,5398
08005,47656.862404648906,255372
08007,20503.50554675119,2524
08009,16495.40535372849,523
08011,21672.14950166113,602
08013,46736.41776397595,156823
08015,18817.305020920503,4780
08017,28431.819477434678,421
08019,29090.654988913524,2255
08021,20435.27125506073,988
08023,17892.653421633553,453
08025,20112.125205930806,607
08027,20425.08121019108,628
08029,20475.701179071482,5428
08031,44678.57754127277,403656
08033,18219.388,250
08035,32960.15663205997,49894
08037,30229.44987594976,25796
08039,27039.587847385774,2123
08041,33031.14522566932,200426
08043,21226.944792391558,8622
08045,29101.12311714179,16066
08047,28143.220108695652,5152
08049,20839.426124977228,5489
08051,20945.894702946385,6211
08053,14766.586614173228,254
08055,19275.95729764181,1569
08057,19366.273775216137,347
08059,35826.2216466266,178559
08061,18984.927184466018,206
08063,20767.50206706477,2177
08065,20841.867528271407,1238
08067,24351.840691519315,17758
08069,31880.72162356686,98647
08071,19514.873367749773,3293
08073,19546.039232781168,1147
08075,21126.31123388582,5973
08077,25023.601566765577,42125
08079,16400.358904109587,365
08081,28427.192242355606,3532
08083,20758.95003403676,7345
08085,22056.586613782845,10085
08087,24238.18496309963,8672
08089,20295.878782355085,5486
08091,21005.78897338403,1052
08093,23951.166288737717,1323
08095,20720.662463627545,1031
08097,41074.92050296891,14315
08099,22309.116750208854,4788
08101,23917.621542841647,44256
08103,28165.124920735572,1577
08105,20291.087246289004,3301
08107,27227.45156469761,11376
08109,17601.237781954886,1064
08111,16013.273631840795,201
08113,25903.572398190045,3978
08115,18486.14893617021,517
08117,24691.65531694993,17416
08119,22772.6295503212,5604
08121,21328.74273858921,723
08123,29544.272776943042,58568
08125,20177.54517611026,2612
09001,63399.593766975,384757
09003,43406.83199874717,434217
09005,33862.757599875426,57797
09007,38194.68508784064,57832
09009,37907.44403517222,317637
09011,36379.03583077287,105775
09013,29088.546928227417,25539
09015,29800.43001707672,31622
10001,24893.200834679592,37140
10003,40909.683840658035,256279
10005,24295.068527918782,56736
11001,49915.21529455849,416318
12001,25001.63859406044,76504
12003,17529.660755336616,3045
12005,23540.59268525137,50364
12007,24017.67710663684,4023
12009,31674.175065489475,154605
12011,32698.986635276553,557288
12013,18998.533838144816,2113
12015,23876.985247629083,31317
12017,24916.16683612947,23604
12019,20857.160431422108,34027
12021,29564.014763557436,93067
12023,23707.775219380484,13333
12027,19181.321350944658,5981
12029,20735.16026936027,1485
12031,32123.215551943733,383309
12033,25769.596700058926,101820
12035,23334.190986030386,9807
12037,18227.980891719744,2198
12039,20587.849292885676,9263
12041,18023.856273764257,1315
12043,21088.61163895487,842
12045,22601.042530568848,1881
12047,31810.23796791444,2244
12049,22030.912902059994,5534
12051,21654.780085692997,10736
12053,23527.46397647443,24484
12055,20425.09225891678,18925
12057,31521.61279714746,519397
12059,17635.94992563213,2017
12061,26350.64020086862,36840
12063,19699.861852861035,7340
12065,19863.89450305386,1801
12067,16680.470527404344,967
12069,24289.696707562995,53061
12071,27344.514458621732,135663
12073,27195.322476653742,87166
12075,19526.116023064827,5723
12077,23874.175120772947,828
12079,18478.878289473683,4256
12081,25008.89269372557,107962
12083,24290.017203513908,68300
12085,27600.03966866285,45754
12086,33067.19029988893,837310
12087,25333.882352941175,30617
12089,26632.971609555065,13103
12091,23278.279355281207,58320
12093,21552.19507007007,7992
12095,30730.670217156905,549971
12097,22756.56498351147,42757
12099,35306.682429080945,423370
12101,22794.502023097713,61045
12103,30779.11154327554,393883
12105,27926.77983700186,155830
12107,23863.87529195272,14129
12109,26938.675099985187,33755
12111,24790.538508245696,41173
12113,22847.484169206135,19361
12115,27964.810158247205,127522
12117,30839.767419809716,123394
12119,22568.389487369986,5384
12121,19660.308987238663,7366
12123,27787.72772873194,4984
12125,23176.049307958478,1156
12127,24141.66059616373,120638
12129,28560.41016463851,2794
12131,20827.97246089447,9078
12133,19451.952823086576,3985
13001,32019.277037933818,4956
13003,20957.215636822195,1586
13005,22020.289738430583,2982
13007,21267.051490514907,369
13009,22388.698722498226,11272
13011,22095.518563357546,2478
13013,27011.196797076525,9304
13015,29380.374657429962,26272
13017,24530.748048568952,6918
13019,25262.69881145327,3702
13021,29085.519408902048,78701
13023,21567.309946990958,3207
13025,19901.085995085996,1221
13027,19887.523905182803,2489
13029,20863.268160217245,2946
13031,20970.142919146827,16128
13033,30393.920556296438,5249
13035,23304.911424257676,3974
13037,17920.425860023726,843
13039,25339.670983588254,8957
13043,19177.18962264151,2120
13045,26093.441913439634,26340
13047,24547.51775513355,12954
13049,20466.701005025127,1592
13051,29079.451535174412,106242
13053,24761.92083712466,1099
13055,23495.69732089103,6644
13057,27410.748437278024,28156
13059,25886.322079946553,44905
13061,15843.25141242938,354
13063,37546.44883319096,103016
13065,22713.984028851108,1941
13067,39414.29898888428,274746
13069,22536.36275538547,16201
13071,20117.36319327731,11900
13073,24076.34913067863,17830
13075,18635.83857264231,4708
13077,27077.218509338763,22594
13079,18754.654142581887,1038
13081,21044.285236694304,7478
13083,20856.264979531075,2687
13085,23350.111918604653,3440
13087,21901.01918330716,8914
13089,38451.18291152709,272558
13091,19237.044620723846,4034
13093,22483.049180327867,2684
13095,27435.916227838203,43487
13097,24883.785716970495,26605
13099,31288.095316804407,3630
13101,12594.02100840336,714
13103,29207.63988403396,4829
13105,21955.270336605892,5704
13107,18807.706382978722,5405
13109,19279.038830179405,4069
13111,20496.192529456002,3989
13113,28015.05707802409,28645
13115,28305.32502654241,33908
13117,34122.50537282139,30524
13119,24513.410975609757,6560
13121,48319.191380954544,660630
13123,21022.70868253436,5966
13125,27493.473537604455,359
13127,23700.238160904075,29732
13129,25822.233970695208,19246
13131,20787.33920137398,4658
13133,23002.820500927643,4312
13135,39610.72772823779,259050
13137,24139.06035008273,11483
13139,28994.148344394176,56807
13141,16872.782496782496,777
13143,24545.71340839304,4885
13145,16712.57003257329,3991
13147,26313.738742690057,6840
13149,34093.173596673594,1924
13151,25156.32196940872,26282
13153,23794.975509419455,26010
13155,19605.192803437163,1862
13157,24137.996191512513,12866
13159,25414.914784394252,1948
13161,22641.449076160432,4438
13163,25039.288764044944,4450
13165,20614.17748344371,2265
13167,19459.46089965398,1445
13169,22838.872785097683,2201
13171,22488.472920353983,2825
13173,19284.853333333333,1050
13175,23687.68397532729,15888
13177,18771.236462093864,2770
13179,19805.150858395227,8213
13181,19711.48309608541,1124
13183,14971.004504504504,222
13185,22387.082441881314,33466
13187,23368.469960565995,4311
13189,22718.990936997514,6841
13191,17121.246367239102,1514
13193,28110.242818971277,2994
13195,21597.019352290677,2532
13197,17595.81725888325,2167
13199,22709.4576355911,4001
13201,18399.475884244373,933
13205,18603.07028255005,7043
13207,25783.09182899064,3953
13209,23453.116692426585,1294
13211,25258.2503626943,4825
13213,25043.016875479418,11733
13215,27575.411933532883,81183
13217,29107.227285092493,14704
13219,23586.7322467986,5154
13221,21258.053497942386,1215
13223,24339.823105892778,9028
13225,25995.656953438174,6486
13227,25579.808957312805,4287
13229,21022.643984566817,2851
13231,23360.855863192184,1228
13233,23249.22517113006,8327
13235,24132.855169527,2389
13237,25810.36358256066,5069
13239,20287.040268456374,149
13241,21735.79655172414,5220
13243,20922.495367510808,1619
13245,27025.977406849554,80998
13247,30196.0306058918,30517
13249,23170.61105815062,1049
13251,22180.096659559345,2814
13253,20200.295260663508,2110
13255,24332.778907242693,18888
13257,25476.448532783128,8724
13259,18292.850509626274,883
13261,23056.581862446743,11501
13263,24656.250539956804,463
13265,13344.935897435897,78
13267,17018.95464663328,3594
13269,24631.526692708332,1536
13271,19414.892135529997,3217
13273,20218.28585961343,1966
13275,25137.574290578887,17620
13277,23778.885329647215,16639
13279,20448.640558397274,9384
13281,19141.551101321587,2270
13283,15659.462365591398,744
13285,29839.078730825233,29531
13287,18766.040309221426,1811
13289,40816.932312651086,1241
13291,21105.517653600222,3597
13293,23495.02919433655,7981
13295,23734.557860876557,12435
13297,25729.84896733691,10991
13299,21960.392925736236,12496
13301,26533.113509749302,1436
13303,31637.58210093002,6559
13305,24661.60681302044,6605
13307,24465.217532467534,308
13309,21156.224252491695,602
13311,22293.82081768878,4794
13313,29266.861191581447,57302
13315,18009.890647482014,695
13317,21897.193109700816,3309
13319,34358.566749733,2809
13321,21147.299576271187,2360
15001,24731.608950728285,44488
15003,30443.813714346717,318484
15007,24810.522535022155,22343
15009,26828.960553212648,54301
16001,34958.62206305997,151348
16003,18927.952042628775,563
16005,22365.525232346045,23026
16007,16339.242390078918,887
16009,25705.315413533834,2660
16011,21441.722372750144,10334
16013,31978.982229242767,10129
16015,18846.545454545456,825
16017,22681.97673448096,9585
16019,26083.369637251482,34404
16021,22651.71615069004,2681
16023,52291.23505903724,5505
16025,14301.581081081082,148
16027,24869.167519275485,40855
16029,35422.58638083228,2379
16031,20631.4670951516,7157
16033,18835.529051987767,327
16035,23915.297883064515,1984
16037,22316.210619469028,1130
16039,17628.850306748467,4075
16041,18450.40323547034,1669
16043,18032.272215973004,1778
16045,22652.371757925073,2429
16047,20854.668131868133,4095
16049,21380.355130434782,2875
16051,18943.909307875896,3771
16053,21758.349276069628,6147
16055,23522.12159803108,34943
16057,19274.51549260149,7907
16059,17512.174164524422,1556
16061,17276.466757123475,737
16063,18716.697289156626,664
16065,18369.275907883082,9032
16067,22036.126592356686,6280
16069,27807.34183417785,17959
16071,17444.113490364027,467
16073,19883.745288099086,1857
16075,22154.79172056921,4638
16077,29401.04403244496,3452
16079,24223.811697574893,3505
16081,18134.045270816492,1237
16083,21406.148187546027,24442
16085,17635.910807553235,2489
16087,17009.252791424744,2239
17001,25052.12270882888,28588
17003,24411.207173778603,1617
17005,24075.951855566702,2991
17007,41082.56379625021,12054
17009,26613.055147058825,1632
17011,27460.27881506206,9587
17013,17533.67659574468,705
17015,22871.03665300217,4147
17017,22643.100044267376,4518
17019,25954.190190308604,67627
17021,23111.051846285958,9316
17023,22089.45136272989,4513
17025,24202.27328682807,4874
17027,21276.69421131913,9294
17029,24131.426739367504,22925
17031,43031.58617008358,2371728
17033,28264.825969189096,5907
17035,18697.515596330275,1635
17037,27022.41908713693,24582
17039,34343.07943925234,4708
17041,27755.66560553633,7225
17043,43088.41255334162,535698
17045,22857.991719242902,5072
17047,23534.288814691154,2995
17049,24128.52234042553,18800
17051,20480.474644217276,4989
17053,22779.96083009079,3855
17055,20363.68512406796,8181
17057,19975.610677290835,6275
17059,27103.68770226537,1236
17061,18817.11869293609,2081
17063,40601.62736151137,12492
17065,18055.559405940596,1010
17067,20991.0651607298,4604
17069,20459.95765877958,803
17071,18265.374613003096,646
17073,22276.360267054693,11683
17075,21654.0714091773,7366
17077,20831.39431432353,17377
17079,24837.07488299532,1923
17081,27911.31945418606,15683
17083,20168.1926910299,3612
17085,22194.091831214497,7394
17087,17981.3231292517,1176
17089,31803.54823621589,168473
17091,28375.670389988198,36437
17093,32608.730062259117,13492
17095,23945.865146115466,21045
17097,43402.84284465171,274480
17099,28010.032701790813,38530
17101,23407.020031628886,3794
17103,26319.21642788921,10470
17105,28567.286197455305,12418
17107,22157.003462511653,7509
17109,21163.84879789632,10648
17111,32317.01105370817,76264
17113,34314.779346291674,73672
17115,33351.12735867484,51194
17117,23241.82095476862,9573
17119,28577.53821996028,80560
17121,24582.800149446368,14721
17123,24277.84334387074,2847
17125,22658.6941301273,2828
17127,28502.39711465452,3951
17129,21455.10551724138,1450
17131,20362.47993981946,1994
17133,24408.964948811383,5763
17135,22728.526292773586,9147
17137,24258.677918424753,13509
17139,23353.580580865604,3512
17141,29899.101224105463,14868
17143,31291.085953286256,92050
17145,21959.806999378754,4829
17147,24227.835433371514,2619
17149,17912.544847605226,3445
17151,23825.24767225326,537
17153,22019.378632478634,1170
17155,39426.52204681546,1837
17157,24319.643154823923,9598
17159,22209.529490841876,5951
17161,32756.882055919814,66345
17163,25426.014460827377,73993
17165,25246.706927175845,6756
17167,28968.141315393423,77741
17169,22869.458702064898,1356
17171,38274.636812411845,1418
17173,22544.676074972438,4535
17175,20915.73694984647,977
17177,30041.86043086992,18335
17179,35987.66281948882,50080
17181,19928.2647702407,3656
17183,26117.522574996194,26268
17185,23805.30172413793,3364
17187,20988.123616236164,4878
17189,26036.57754010695,4675
17191,21755.539449541284,3815
17193,23123.113320621083,3671
17195,26404.17533447339,19882
17197,32178.52904608966,120808
17199,22321.8651225394,17831
17201,31374.503878937332,130577
17203,23516.635067212155,8555
18001,25364.48534250673,13372
18003,32292.49869568021,170587
18005,36434.04426904598,37882
18007,21894.788525367472,2109
18009,24171.70593080725,3642
18011,26349.513478818997,11685
18013,16485.48275862069,2204
18015,22721.239112739113,4914
18017,24622.79667788057,14268
18019,26297.746592923868,37789
18021,22407.571872571873,6435
18023,26769.762226314713,9774
18025,21194.23179227359,1579
18027,20441.95901166147,8661
18029,26492.340176450627,11788
18031,24885.302862419205,12996
18033,32173.71554178948,20017
18035,27359.531869579536,45545
18037,27254.452523493343,27561
18039,30194.85876350074,115827
18041,33587.534993418165,9116
18043,27251.334569296858,22115
18045,24650.897037793668,4895
18047,19920.766375545852,3206
18049,24952.936413393432,6212
18051,29860.722034501156,11246
18053,28992.91427021161,25802
18055,20935.066901408452,5680
18057,38828.03631361761,69065
18059,33527.13860103627,12352
18061,22718.610898003346,10167
18063,26942.32731253421,23751
18065,32587.995086426254,11397
18067,42476.092828494315,39643
18069,24130.99548736462,14404
18071,28065.950630949745,18068
18073,26083.103429504627,9185
18075,24608.948554082122,6259
18077,26160.203794664354,10383
18079,24493.201873048907,6727
18081,24492.45795995623,33813
18083,21951.330113636363,12320
18085,31930.72438899224,31178
18087,28369.44282238443,11508
18089,31738.874641354385,171827
18091,26950.638891670005,39952
18093,28773.2545018935,12939
18095,30741.978536062477,39182
18097,36419.08392843474,535623
18099,26108.37359768966,18006
18101,25064.832849891227,2758
18103,23883.45410750507,7888
18105,25158.80109328954,44453
18107,30239.326364165965,15449
18109,24433.617788861182,12030
18111,23889.09362200117,3418
18113,27442.108507515564,19759
18115,25539.704599056604,1696
18117,21807.381609577653,6014
18119,21911.9207977208,3510
18121,19761.161989795917,2352
18123,25970.81867653461,4594
18125,34263.365909090906,2200
18127,31755.53187696009,46554
18129,38535.33731821543,8114
18131,26535.6452247191,3560
18133,24864.08378351832,10181
18135,25875.418417047185,6570
18137,30574.573019161056,11586
18139,25189.68308921438,4506
18141,29608.136015078362,116193
18143,22783.07292973651,6376
18145,29548.857697716467,14933
18147,29251.43648993479,7054
18149,20368.779286926994,3534
18151,25205.875752497985,16113
18153,23263.319191919192,3465
18155,23098.443117977527,1424
18157,29949.783051177586,61609
18159,27664.19947121034,3404
18161,19526.36828422877,1154
18163,29318.266354582862,100614
18165,39426.0393757503,4165
18167,25629.176706827307,44820
18169,25970.901273633415,12641
18171,22363.390636991557,1303
18173,32420.69686760153,10982
18175,23180.84662576687,5542
18177,26516.199609799784,31266
18179,26203.111313169986,10448
18181,23641.263039315083,8877
18183,26941.72705178538,10698
19001,23259.514699792962,2415
19003,23043.000850340137,1176
19005,19837.980058256777,4463
19007,21252.710747895,4038
19009,19270.257790368272,1412
19011,22321.841656516444,4105
19013,27367.282945284245,60001
19015,23370.286158861883,6748
19017,24904.18792538442,7934
19019,22915.37082525318,4641
19021,22606.194871794873,8190
19023,21100.448262243284,2532
19025,17886.531844499586,2418
19027,21528.86087287974,10494
19029,20824.186650679458,5004
19031,22181.1349472675,4172
19033,24548.484704664108,23177
19035,21596.705932383586,4703
19037,24362.06971569839,4045
19039,21676.384271436087,3802
19041,23258.628977820637,8296
19043,21307.94230769231,5824
19045,25577.308218114027,19311
19047,22428.185209749627,6031
19049,28600.398153277933,10830
19051,21135.042253521126,1491
19053,17862.568452380954,1680
19055,22488.27141339001,4705
19057,27824.69237189891,21565
19059,22401.90284390683,7771
19061,27398.721025992967,46628
19063,23687.184203334244,3659
19065,20421.28845262019,6469
19067,22152.711388125925,4733
19069,24344.75424328147,2828
19071,24019.77373158756,2444
19073,22571.344356261023,2268
19075,25696.415523586486,2989
19077,20290.375869120653,2445
19079,24967.27969348659,7308
19081,26789.283800819412,6346
19083,23317.582437275985,6696
19085,19446.18753894081,3210
19087,26488.579755938114,9178
19089,23454.311774941994,3448
19091,23149.676955349118,3337
19093,25750.382161458332,3072
19095,27650.65254876603,9279
19097,18077.887099829513,5279
19099,30606.636001948686,12316
19101,28523.63580998782,7389
19103,24100.62006841505,43850
19105,20614.303448275863,4785
19107,21776.78369905956,1914
19109,21754.11972386588,5070
19111,25681.151737089203,15975
19113,34494.53529871641,110004
19115,22188.148337595907,2737
19117,22866.35409457901,2601
19119,19238.55483170467,2763
19121,21155.487218045113,2660
19123,22531.293301506787,6703
19125,30059.05931629196,16235
19127,26795.910274783477,16049
19129,20430.936529680366,2190
19131,21332.932055163135,2973
19133,18800.781058696433,2777
19135,27994.299662035297,2663
19137,22068.753285681345,4337
19139,32646.27679371082,20098
19141,19405.929531490016,5208
19143,21203.87148217636,2132
19145,23484.893420610944,5958
19147,19885.67175572519,2751
19149,25540.63506130873,8237
19151,20809.210405156537,2172
19153,33560.64030242607,231197
19155,23705.981348358266,30882
19157,27323.295873674506,8676
19159,19209.160231660233,1036
19161,19552.037659963436,2735
19163,28897.87924831598,78384
19165,19057.22492697176,4108
19167,22244.013070510104,14154
19169,24086.844488857045,26519
19171,21344.201714801446,4432
19173,18243.138769670957,1398
19175,21184.920375174617,5011
19177,20995.92252133946,1523
19179,24070.90471132691,13181
19181,22358.46208848503,6713
19183,21547.773375594294,5679
19185,18000.720823798627,1311
19187,26214.242105263158,16435
19189,19977.33642105263,4750
19191,23905.951129167166,8369
19193,25705.162239089183,46376
19195,20273.229062276307,1397
19197,24091.91240737222,5263
20001,22950.28932823129,4704
20003,17854.800988875155,1618
20005,22617.79619944212,5736
20007,20799.30412805392,1187
20009,23210.61576448243,10530
20011,21117.34022556391,5320
20013,20546.580447064604,4071
20015,23181.48124110953,11248
20017,16613.052083333332,480
20019,16466.961647727272,704
20021,23727.054559625878,5132
20023,23516.060422960723,662
20025,23530.928571428572,350
20027,17661.315331010454,2296
20029,18978.67556325823,2885
20031,36590.67460022313,2689
20033,15460.184757505775,433
20035,25002.744967032966,11375
20037,21385.63691495434,14016
20039,15105.898950131234,762
20041,19164.082729361853,5657
20043,27883.273007712083,1945
20045,22792.36365178546,35369
20047,21576.669798657716,745
20049,16060.302158273382,278
20051,21326.535529659162,11413
20053,22241.91819911224,1577
20055,23988.707070129276,17482
20057,24902.23209125475,13150
20059,22288.266646848988,6728
20061,18718.182081288538,7947
20063,18848.21659634318,711
20065,18292.9578313253,664
20067,28090.2951375801,2653
20069,24774.374153846155,1625
20071,20275.666666666668,447
20073,18146.557931034484,1450
20075,20843.19191919192,693
20077,19925.559936908518,1268
20079,24315.10856792072,11403
20081,26143.544689800212,951
20083,20549.73722627737,274
20085,20002.390695067264,3568
20087,19876.138580395946,2071
20089,15478.133171912832,413
20091,37582.65344308525,262410
20093,21071.43944099379,644
20095,21285.56987012987,1925
20097,18736.255102040817,784
20099,20010.065984213124,8108
20101,23410.66593886463,458
20103,24905.025480731187,12637
20105,14108.578467153284,548
20107,28259.835799859055,1419
20109,20395.069701280227,703
20111,22590.520114122683,14020
20113,26263.64401076716,11888
20115,18490.681560520174,2999
20117,22569.03387570019,3749
20119,24180.95901639344,732
20121,22464.0575982326,6337
20123,21961.32675846669,2687
20125,23012.42664475936,14607
20127,19020.497663551403,1284
20129,29256.108757062146,708
20131,21339.927229425775,3779
20133,20966.01093599228,6218
20135,20735.117117117115,777
20137,19766.691021671828,1615
20139,14476.06965648855,3144
20141,16704.815104166668,1152
20143,19750.13581730769,832
20145,20304.354746609566,1401
20147,20261.24726477024,1828
20149,24990.85470494418,6270
20151,22649.8381270903,2990
20153,17222.631329113923,632
20155,26337.949100780454,23576
20157,18855.211912225706,1595
20159,22040.94262295082,2318
20161,19834.988727020464,17298
20163,20284.396253602306,1388
20165,22416.72405063291,790
20167,18150.779621945596,2169
20169,25567.24858168761,27850
20171,23279.75305623472,1636
20173,32713.402759986024,223262
20175,26822.470363880013,9701
20177,28576.809161277182,78548
20179,23525.493123772103,509
20181,17571.307011070112,2710
20183,16615.061637534498,1087
20185,20463.69827586207,812
20187,21119.762741652023,569
20189,23921.465630114566,1222
20191,21623.42421859642,5087
20193,19204.699618563256,3146
20195,18047.77794117647,680
20197,18705.589646464647,792
20199,17560.330459770114,348
20201,16121.277213352685,1378
20203,23355.51606805293,529
20205,24755.47124600639,3130
20207,16026.791583166332,499
20209,34022.69344598711,62374
21001,20984.30923815237,3334
21003,22203.56640625,4352
21005,26404.416666666668,3384
21007,34994.50896450787,2733
21009,24078.045561565385,15715
21011,19518.752974107767,1429
21013,20885.094568842305,8396
21015,33257.693061581194,64078
21017,26629.33308411215,5350
21019,29447.140662662907,24477
21021,24952.857845885505,16053
21023,22954.98128078818,1015
21025,18845.520497466605,2171
21027,18038.86804597701,2175
21029,22953.026839280075,9501
21031,21579.301498677636,3403
21033,21556.960352422906,3178
21035,21918.52504122906,11521
21037,27182.09097346804,21182
21039,17284.572368421053,608
21041,33189.33372781065,5070
21043,17822.349005847955,4275
21045,19218.785928143712,2672
21047,25148.312533333334,20625
21049,26213.999517102617,12425
21051,18094.593054619014,2966
21053,16832.572361973213,3061
21055,21616.20144685587,1797
21057,16822.793365583966,1447
21059,25846.31752046513,34571
21061,16046.874092009686,826
21063,15456.386440677967,295
21065,17530.263452914798,1784
21067,29738.74209657654,141173
21069,20670.3896,2500
21071,24259.21173882843,8638
21073,25307.372821885223,16815
21075,22209.58101010101,2475
21077,32054.46857463524,1782
21079,20766.485239852398,1626
21081,20612.0282584885,4565
21083,25221.172403733955,10284
21085,20380.040982436098,7003
21087,17552.875762195123,1312
21089,27737.693572951568,6566
21091,42224.9661464058,4549
21093,26214.5867312175,27885
21095,24338.09247901872,6196
21097,26154.524518790102,4364
21099,19191.61718309859,3550
21101,27876.75872316442,19517
21103,23095.15367965368,2310
21105,18146.031853281853,1036
21107,25727.334711033276,14275
21109,18676.190778341792,2364
21111,33421.761644525366,393232
21113,25740.675088291224,11043
21115,21308.845111528037,4797
21117,30410.52612541033,47827
21119,30456.514944491886,2342
21121,21021.519008541283,5971
21123,18876.578344612182,1921
21125,23772.182450088847,19134
21127,24282.818260120584,2322
21129,19284.029055690073,1239
21131,35975.131056760496,2167
21133,25294.895485969908,4918
21135,17154.33818181818,1100
21137,20897.43870741131,2847
21139,24384.062880324545,1972
21141,26519.37418528864,8592
21143,15194.25863392172,1303
21145,27094.081765812367,34024
21147,17264.361265498075,2339
21149,19211.56288343558,1304
21151,23626.7410871377,21598
21153,22531.493870402803,1713
21155,22233.772074729597,5085
21157,32685.934989200865,9260
21159,32076.33133640553,2170
21161,24216.796493721868,8442
21163,24937.161974278763,2877
21165,17790.766187050358,556
21167,30068.81978515312,6237
21169,20871.340206185567,1843
21171,19306.701249526694,2641
21173,21889.873813203798,9058
21175,21134.309866666666,1875
21177,24681.301975273553,7037
21179,25393.24872021183,11330
21181,19806.16759156493,901
21183,20615.798843187662,4668
21185,26464.557505309043,8947
21187,25112.440766550524,1148
21189,16251.219373219374,351
21191,24944.47403598972,1945
21193,26273.064642819234,9421
21195,26942.144187870766,20397
21197,19584.927710843374,2324
21199,22246.354012658838,20697
21201,13560.138157894737,152
21203,18529.985601151908,2778
21205,20497.88157480315,6350
21207,18218.284681130834,4563
21209,41917.06553248111,21043
21211,28261.686052162644,12346
21213,27625.230411068245,7517
21215,20266.99517839923,1037
21217,20633.637860661507,7105
21219,22911.83292880259,2472
21221,23083.16906077348,2715
21223,27239.804924242424,528
21225,26722.33413365346,4998
21227,26864.779607635715,41594
21229,23715.483084185682,2542
21231,18504.118626644737,4864
21233,27831.23682598039,3264
21235,21973.459107031085,9586
21237,15369.773913043478,920
21239,29542.425738111335,8874
22001,21580.18388592424,11431
22003,19056.67244553544,6518
22005,34019.535336756264,26488
22007,26871.181670281996,3688
22009,18432.75129982669,8078
22011,27696.596276905177,6876
22013,23039.436375531568,3057
22015,22554.324208336042,30758
22017,27818.474692062973,98072
22019,28771.097304145842,71035
22021,20129.362108922363,1726
22023,34067.95217244863,2969
22025,17446.778485041374,1571
22027,22118.900203665988,2455
22029,19283.35782122905,3580
22031,26960.58120191308,4809
22033,29028.790124386727,199137
22035,17469.47156227502,1389
22037,21585.792291220558,1868
22039,21216.111092179246,5869
22041,15937.677654012276,4399
22043,23166.23761792453,1696
22045,27888.797888629222,24818
22047,39894.4931414626,11883
22049,27841.7296,3125
22051,28036.130174006128,190568
22053,19103.175287881557,5471
22055,29831.56102857031,102239
22057,28261.89671667754,22995
22059,21312.30382682644,2587
22061,24068.900815319023,13369
22063,21535.728045581985,11057
22065,16551.770188830855,2489
22067,25396.446502944134,6963
22069,22028.508753538106,9539
22071,31299.93749164901,209556
22073,25681.050899121314,58724
22075,36891.79841350702,13741
22077,24523.09932497589,4148
22079,23954.134548328606,43018
22081,22064.429815016323,1838
22083,20783.16172168826,4786
22085,21022.3507429086,4442
22087,24456.46327683616,12921
22089,43313.85795246801,16410
22091,23417.4647256439,893
22093,39493.56471631206,5640
22095,30710.21984329446,10976
22097,21969.14162728979,15449
22099,20209.92704165686,8498
22101,31912.613037447987,23072
22103,23075.207200939254,45994
22105,19518.534953129598,23789
22107,24114.020080321287,1245
22109,30239.72585421696,40183
22111,20216.144115796098,4767
22113,27668.271328015016,10655
22115,19830.571737251514,6942
22117,22547.885305528613,8248
22119,23509.443590741103,10282
22121,30772.03825989961,8965
22123,17154.476623913943,2417
22125,39244.03271509531,3882
22127,23211.700403836447,3962
23001,26037.09763405065,42055
23003,22012.203574203573,24453
23005,30732.826613343525,146528
23007,25851.143716778657,9971
23009,24976.355580655098,19478
23011,25866.59963055369,41684
23013,23996.24533135576,14833
23015,22425.608204134365,9288
23017,25012.340684158087,15055
23019,26449.14522553558,55734
23021,21686.542285345386,4647
23023,31534.539814007556,13764
23025,25738.864562477916,16982
23027,23491.853292137224,9386
23029,21696.879067302598,9435
23031,25735.2196656721,52284
24001,23333.16740783841,24061
24003,34896.496213683226,160050
24005,33986.59407377598,303161
24009,29304.2918750453,13797
24011,23277.332885545406,7444
24013,26119.856550996836,39826
24015,29507.356965380157,18111
24017,24698.494925539708,28673
24019,25027.52376435873,9489
24021,29938.381018809498,65233
24023,20435.768921475876,8456
24025,26205.77341096555,53586
24027,38273.021797837806,113681
24029,23374.58130563798,6740
24031,42041.89441069423,369545
24033,34422.31972695066,231460
24035,22179.03418705694,8746
24037,30199.310724227827,22631
24039,24020.866571699906,4212
24041,26878.468184615384,16250
24043,28005.730372144502,55113
24045,26714.41683876991,35347
24047,19548.69529632186,20282
24510,39047.03599331185,303223
25001,28529.473533600416,75133
25003,30999.642966770836,54079
25005,30159.171276405068,195275
25007,27646.102750126538,5927
25009,39554.10422794118,266560
25011,27764.232301468648,22742
25013,31461.34623768724,171570
25015,26920.990790661082,43217
25017,53691.98419523927,766731
25019,33103.190495207666,5008
25021,43499.224781757,293022
25023,33291.18452458073,138930
25025,58882.36103449413,515189
25027,36860.97501784181,276037
26001,20451.608695652172,1472
26003,25504.774281805745,2193
26005,30813.00789894089,33802
26007,26004.451941938016,10196
26009,22871.84819576939,4822
26011,19750.03011056222,4251
26013,22492.80582152432,2611
26015,25929.688122605363,10440
26017,30488.031455385586,34843
26019,20508.441584158416,3535
26021,31278.940400553638,59967
26023,25916.662945329175,12182
26025,31716.41678985451,51412
26027,27470.194901621086,8081
26029,28521.35312704293,9178
26031,21723.095513963162,6732
26033,21006.810099788327,9921
26035,21227.13771419588,6361
26037,27433.475008707766,11484
26039,24328.855813953487,3440
26041,26529.97038272193,12594
26043,27256.696334626995,11595
26045,29996.224284138876,26297
26047,26848.49596608779,14626
26049,36592.097778343625,141381
26051,23980.688614900315,3812
26053,19706.134611659887,5163
26055,28223.430124564267,41023
26057,24446.847605483355,11234
26059,29188.01243907762,13747
26061,20588.40698525567,9563
26063,26501.823864588572,11934
26065,33010.90113795716,124082
26067,27461.47159288951,11476
26069,21719.99016813907,7018
26071,20869.594085027726,2705
26073,23518.016188582787,21126
26075,31007.988000555346,50419
26077,32705.444617033198,101719
26079,29628.695156695157,3510
26081,33677.47855495535,323035
26083,15542.86170212766,470
26085,21698.26194144838,1298
26087,25887.8617867952,17842
26089,22936.0677461381,5373
26091,29078.092705007195,28499
26093,32339.71486955282,42086
26095,19897.23711340206,1261
26097,20249.197884841364,4255
26099,40961.54391704871,301671
26101,23641.565856777495,6256
26103,26732.32792939709,20849
26105,25050.75596470204,9179
26107,21642.745733788397,7618
26109,23853.923493044822,7764
26111,43845.37767235927,31620
26113,21216.01709776414,2281
26115,34879.412478059676,37602
26117,24803.657775119616,16720
26119,19258.24530327429,1863
26121,30745.733444211957,55917
26123,25670.489770114942,8700
26125,45071.78799950642,713154
26127,19698.983670692294,5879
26129,19782.879601803157,5324
26131,23803.716695753345,1719
26133,28627.958934169277,6380
26135,19327.844686648503,1468
26137,25766.434078869923,10194
26139,31757.843669202233,106748
26141,20765.356469002694,2968
26143,18649.047599077374,4769
26145,34697.45346905847,84288
26147,29825.684787236427,44627
26149,30661.62521991346,21031
26151,24094.1339249286,9804
26153,24630.11935953421,2061
26155,24383.960512273214,14992
26157,33064.45015254404,10161
26159,27503.7789167152,17170
26161,42043.59790421565,137037
26163,42982.320092929214,746805
26165,25204.76800698127,14897
27001,20236.5710978836,3024
27003,33905.57965776663,94906
27005,21210.270514532196,9737
27007,21796.953307686505,13257
27009,26143.00047961631,12510
27011,18575.797836938436,1202
27013,24933.751840577657,28252
27015,24800.734154377158,12748
27017,29725.118290160543,10153
27019,34985.13671998733,25256
27021,18268.909632571995,7049
27023,24316.570923552805,4526
27025,25400.759488768395,10328
27027,21151.092651509272,12887
27029,27906.865252293577,1744
27031,17930.441441441442,2109
27033,20443.857180640043,3781
27035,24844.640465725242,21386
27037,34170.54014067427,136059
27039,27209.819717529772,3611
27041,23963.280790872148,12796
27043,22137.878445084327,4862
27045,21350.397970479706,5420
27047,24025.099554969507,12134
27049,27322.93908867895,19159
27051,20881.379539951573,1652
27053,44202.14261954156,787634
27055,20143.990674846627,4075
27057,22191.189043824703,5020
27059,24650.688894937397,7348
27061,26383.201606425704,12450
27063,20505.479440319818,3502
27065,25157.667116812965,2962
27067,23248.84494499738,17181
27069,19889.0113735783,1143
27071,30551.697183098593,4686
27073,18270.47435897436,1638
27075,25979.882352941175,3128
27077,21881.58818635607,1202
27079,24399.215539494064,7748
27081,17079.058013052938,1379
27083,25228.909355509357,12025
27085,29856.480123703368,15521
27087,22286.181933038533,1583
27089,21607.033010813888,1757
27091,23878.790548855526,8126
27093,23707.95184501845,5420
27095,22050.70404077175,8241
27097,22236.953833470732,8491
27099,25851.902622274603,13576
27101,19839.224882629107,2130
27103,24831.398016640054,11899
27105,21585.343540788494,8066
27107,21382.9306518724,1442
27109,36228.511592929775,75132
27111,21887.53597019203,17445
27113,23883.444410507025,6548
27115,20151.36102597193,6199
27117,21107.510523150933,3326
27119,21254.675196643944,9535
27121,22254.237609841828,2845
27123,38803.48587510051,279825
27125,20294.911660777387,849
27127,22052.262139277693,5787
27129,23170.67092651757,5008
27131,28022.640466503934,18435
27133,20650.19855458349,2629
27135,27091.21952784193,7794
27137,27975.5942422948,77253
27139,34084.02797065374,30532
27141,27005.796368023366,15749
27143,20479.27966101695,3186
27145,26707.839050929426,66170
27147,28325.6044380658,18116
27149,22803.101341707108,3503
27151,21147.26425030979,3228
27153,23252.702561966256,4801
27155,19517.67013372957,673
27157,22535.69579340588,6157
27159,21791.725743589745,4875
27161,25374.763673588768,6838
27163,32331.831802644752,57926
27165,21630.86696013695,4089
27167,20683.13470173188,1559
27169,24794.198229846254,21919
27171,26921.197108353183,23931
27173,19857.459391658827,3189
28001,23017.97044425972,10827
28003,25051.422524101665,11410
28005,22900.21023359288,1798
28007,19979.708711242354,4741
28009,24987.938875305623,1227
28011,22362.9492945794,9427
28013,20801.756859035006,3171
28015,18814.7136627907,688
28017,21403.33471963287,6973
28019,25693.559483344663,1471
28021,37067.911073825504,2384
28023,21601.944444444445,3618
28025,25430.44743538235,7467
28027,23019.507426928605,8348
28029,20116.360981089685,5341
28031,18474.681299885975,3508
28033,24995.701331114808,28848
28035,24104.024593615766,23746
28037,22397.2252614642,1243
28039,18855.69140625,2560
28041,18472.352040816328,784
28043,24609.46462777536,9188
28045,28521.825609373365,9559
28047,23901.34773155329,72208
28049,30400.011801302615,102870
28051,20436.60310421286,2706
28053,16899.98517563648,3103
28055,15703.297619047618,168
28057,22795.327109430396,4231
28059,31141.600367789393,41328
28061,21415.40323029797,3591
28063,19498.119926199262,542
28065,19580.590544871793,1248
28067,24239.779517441584,21013
28069,17577.94994892748,979
28071,21124.64053297287,10357
28073,21524.55364164014,10682
28075,25374.502881689637,27935
28077,34566.32935855263,2432
28079,18110.48401323043,5442
28081,27034.00787320004,48265
28083,20685.176933491286,11818
28085,23858.476124015553,10031
28087,25934.388986825015,21556
28089,25788.5856218671,23341
28091,19422.346231155778,5970
28093,21326.86387434555,5539
28095,26708.64239373602,8940
28097,16543.391494958352,2281
28099,23250.69060426753,11154
28101,20850.691631799164,4780
28103,19327.637628111275,2732
28105,19215.34382951654,9432
28107,21911.321898780046,8279
28109,19328.34021253658,6493
28111,32331.82695602513,1751
28113,19480.09367585699,12223
28115,22759.678695789808,9477
28117,21309.621311010214,7048
28119,19560.63768115942,1380
28121,27821.67655613729,37818
28123,19564.250156515518,11181
28125,17907.489215686273,1020
28127,18259.20191349412,5017
28129,23643.24119947849,3068
28131,21792.14377959535,2323
28133,19775.845050215208,7667
28135,17987.904231625835,1796
28137,21299.390218303946,4764
28139,24846.696393762184,6156
28141,21439.79520089286,5376
28143,23033.52577619852,17167
28145,23563.903425186712,7766
28147,18718.775088028167,2272
28149,24233.069578163773,20150
28151,22868.4159769317,18727
28153,21534.80052182163,4216
28155,18427.89587628866,2910
28157,18242.47359597653,1193
28159,25623.96686746988,4980
28161,23697.77185063603,2437
28163,23685.92478879044,4853
29001,21143.083615555297,8563
29003,18881.061138014527,1652
29005,17982.19739413681,1535
29007,25004.601859888407,8065
29009,25264.522880215343,13374
29011,21532.52815829528,4599
29013,18277.674013921114,2586
29015,16356.613161405068,2249
29017,16227.361846571623,1473
29019,24519.74993689688,51503
29021,27267.334187777808,36671
29023,22508.486661108796,14394
29025,20932.72614622057,807
29027,28124.103459494632,9221
29029,21015.982768321846,14218
29031,25356.81958468823,35058
29033,19762.681474003028,1981
29035,15224.725,800
29037,22166.64170040486,14820
29039,16807.991949910556,2236
29041,19681.194020744355,1639
29043,20771.865949211744,10593
29045,17329.073170731706,902
29047,32787.804359178735,72766
29049,19302.264341957256,3556
29051,26430.92727329797,31859
29053,19769.771219512197,4100
29055,19955.066745890275,5049
29057,20290.117831893167,1273
29059,15902.474622030237,1852
29061,18649.237545126354,1385
29063,16309.57561307902,1468
29065,20501.106958371314,3291
29067,18731.797822706067,1929
29069,20226.754901960783,8670
29071,25504.509132569558,30550
29073,21662.328,4875
29075,18013.075650118204,1692
29077,26407.72430960654,126341
29079,20458.532413793102,2900
29081,16807.587169441726,2042
29083,20389.385552913198,6728
29085,14526.012886597939,776
29087,19772.897159647404,1021
29089,19793.36983360172,1863
29091,19125.13042791726,12666
29093,28471.532343584306,2829
29095,36070.64092210733,333844
29097,24743.077499374074,51923
29099,24305.22669252366,34549
29101,20264.273337595907,9384
29103,19747.862582781458,604
29105,21687.37076032792,12442
29107,18434.367539716615,6987
29109,20628.563291139242,6478
29111,21089.37989080983,2198
29113,23729.876996805113,6886
29115,20365.74454750564,3989
29117,21856.705737549706,5281
29119,20317.70001977457,5057
29121,18944.802624073018,3506
29123,17121.051236749117,2264
29125,20736.63888888889,1044
29127,23987.596580061425,12047
29129,22936.776082977427,1639
29131,21450.260060872504,5914
29133,19317.42715231788,3322
29135,20207.568567961163,3296
29137,21969.926374650513,2146
29139,20426.757598220905,2698
29141,17211.92744392135,3611
29143,27671.06947718763,7211
29145,25835.973476091982,16438
29147,21327.994920732646,6497
29149,16619.0747986191,1738
29151,21400.04201347602,2523
29153,15367.878676470587,1088
29155,20212.68510431829,4122
29157,23889.917663891778,7688
29159,23694.641200628095,16558
29161,19546.71846070067,11018
29163,22297.674656737257,4297
29165,32812.85438896232,31021
29167,19143.80717651323,5518
29169,17347.0532862666,5949
29171,15433.4039408867,609
29173,24440.931034482757,2262
29175,22125.2832044054,7627
29177,21269.016327788046,3246
29179,20343.120063191152,1266
29181,16349.891266628108,1729
29183,29360.207389016967,84585
29185,14150.040226272784,1591
29186,24723.97581145338,4837
29187,20775.51936997319,14920
29189,38581.70891727603,591739
29195,21505.510657306957,7835
29197,15913.989873417722,395
29199,15259.915820029028,689
29201,21732.375766260648,12561
29203,15613.24,1400
29205,22703.459477124183,1530
29207,19463.975351301542,8682
29209,19409.325646271154,5377
29211,21336.63395225464,2262
29213,19785.235062644173,22109
29215,19065.46893317702,4265
29217,21914.381180223285,5643
29219,22935.505550660793,5675
29221,19233.839788732395,2840
29223,16097.736664795058,1781
29225,20983.792426917797,5097
29227,14972.43043478261,230
29229,18043.96367700475,3579
29510,39148.893144718364,209386
30001,19288.096600331675,2412
30003,21678.78797043011,2976
30005,14999.89625,800
30007,23926.144295302012,894
30009,16930.540787221904,1753
30011,16038.223140495867,121
30013,22763.472805059522,26880
30015,14799.977511244379,667
30017,18914.432794963042,3653
30019,20501.8064516129,496
30021,18549.951200914984,2623
30023,18980.645882912897,2101
30025,23282.264124293786,708
30027,19299.637777042673,3023
30029,23194.442028456768,27410
30031,22280.066565151184,27582
30033,13903.717105263158,152
30035,18874.155581039755,2616
30037,15563.967213114754,61
30039,17750.651911468813,497
30041,20240.91749891446,4606
30043,26994.6499614495,1297
30045,15619.56830601093,183
30047,20885.72297770924,7133
30049,23882.313165829146,19900
30051,20920.088019559902,409
30053,19849.136632598173,3718
30055,20338.98300283286,353
30057,18889.768764215314,1319
30059,16935.573493975902,415
30061,15561.50463576159,755
30063,24030.68111902036,40178
30065,16832.1671686747,664
30067,18524.342127659573,4700
30069,16411.375,32
30071,17366.389135254987,902
30073,19523.255698005698,1404
30075,13263.419811320755,212
30077,20670.722673893404,1107
30079,18339.814159292036,113
30081,21038.552600079798,7519
30083,20922.865519439132,3138
30085,16911.126778783957,2319
30087,30455.303741280914,3154
30089,18453.465264187867,2044
30091,16137.57142857143,924
30093,24158.57163705039,11649
30095,39818.13309636651,2532
30097,18156.293201133143,706
30099,19031.726201269266,1103
30101,21435.008084074372,1237
30103,16748.963302752294,109
30105,18054.219001610305,1863
30107,15062.44864864865,370
30109,14299.191780821919,146
30111,26013.18651987681,56498
31001,23123.638173757485,12857
31003,17646.416442048518,1484
31005,13003.016393442624,61
31007,19724.147540983606,61
31009,21078.929292929293,99
31011,17468.5007751938,1290
31013,20144.46534945444,3391
31015,15771.81993569132,311
31017,17238.258469259723,797
31019,23324.454229191546,19259
31021,18783.161532682192,1331
31023,19940.716587112172,1676
31025,21503.350862312695,3537
31027,19463.583702882483,1804
31029,20150.579876434247,1133
31031,16054.392312789927,1509
31033,20917.095710200192,5245
31035,22772.46087398374,1968
31037,23415.421104780777,4037
31039,21305.30501930502,3367
31041,19801.540267244494,2769
31043,25662.472667910446,10720
31045,15023.9764603313,2294
31047,22780.763571202697,9487
31049,17304.365979381444,388
31051,22567.112089671737,1249
31053,22592.25715102975,13984
31055,32018.197146602444,295227
31057,19846.195187165777,374
31059,21272.865089514067,1564
31061,16473.748490945673,497
31063,18387.777011494254,435
31065,19685.929067077872,1297
31067,20191.5217623498,7490
31069,15377.194174757282,412
31071,15554.086876155268,541
31073,16931.352941176472,221
31075,15204.80303030303,132
31077,17299.446685878964,347
31079,23233.239216404247,27310
31081,21375.273099681384,2197
31083,17505.750382848393,653
31085,19000.26724137931,116
31087,18209.01724137931,348
31089,18402.463580246913,3240
31091,13809.683720930232,215
31093,16803.92503536068,707
31095,20121.816334661355,2510
31097,18599.318442153493,873
31099,20219.39907651715,1516
31101,19225.176825184193,2986
31103,28720.481012658227,79
31105,18061.018239492467,1261
31107,16208.377198302001,1649
31109,27817.261609599973,115917
31111,20208.604091922814,10313
31113,16143.53409090909,88
31119,22751.45268237298,17615
31121,20729.814139941693,1372
31123,17453.390547263683,804
31125,15883.958415841584,505
31127,21645.10372208437,2015
31129,16233.708973322555,1237
31131,20838.534750265673,4705
31133,18588.930735930735,462
31135,22590.237918215615,538
31137,23957.711168164315,3895
31139,16133.423750811162,1541
31141,24662.069351967828,15169
31143,20052.379469434833,867
31145,19052.276945384245,4138
31147,17824.391304347828,2093
31149,16240.540268456376,298
31151,25881.870464220556,4933
31153,29283.507833622185,28850
31155,21000.27007538512,3051
31157,21873.532172878076,13443
31159,22238.92963591775,5301
31161,15303.560390763765,1126
31163,15123.439698492462,398
31165,15092.88,50
31167,39122.538011695906,1026
31169,19672.799667036626,1802
31171,19205.514285714286,175
31173,21962.14241676942,1622
31175,17423.040133779265,897
31177,27456.031866989953,5774
31179,17905.35665634675,3230
31181,18563.68276762402,766
31183,19109.84,200
31185,22685.70208938702,7227
32001,25423.92518703242,6416
32003,31256.923757180444,628269
32005,27833.318965060178,18861
32007,27021.972793265417,16393
32009,39664.082278481015,158
32011,55957.80156046814,3845
32013,31962.18388253372,5857
32015,39816.87344262295,1525
32017,31947.397153945665,773
32019,25383.89678608455,8681
32021,28416.061728395063,1296
32023,32792.63023747358,8043
32027,32673.16347569956,1358
32029,32705.08559201141,701
32031,31579.276064637193,167334
32033,24179.000540832883,1849
32510,29126.591400884372,21258
33001,27340.22991002172,22561
33003,22380.261370419004,16754
33005,28933.944328110334,27698
33007,25015.204474505725,11532
33009,30816.273653667595,43080
33011,39554.56556322444,174877
33013,32459.109494737222,55199
33015,36288.674462835406,116724
33017,32818.74715802262,34571
33019,27809.609131496924,11871
34001,29224.700669034442,121070
34003,46581.47982499384,405700
34005,37320.119470627316,152029
34007,33920.86240840975,166093
34009,23537.145421540943,29748
34011,29338.484322380995,43948
34013,44244.85454197469,292593
34015,30943.593090476585,72306
34017,47980.8952674583,203041
34019,50145.543211812364,38265
34021,43303.74616763165,145080
34023,46774.380848994995,344525
34025,39111.400993576106,195053
34027,62434.122283706274,247580
34029,28235.756073719775,105372
34031,36488.73354920401,151634
34033,40035.43179593482,17367
34035,56141.0333836858,158880
34037,31693.9474372205,29070
34039,45680.911869208125,206863
34041,34516.602171248465,28555
35001,29174.62270348426,254516
35003,16358.484615384616,260
35005,22001.817966755898,16063
35006,19106.01041445271,4705
35007,18473.592254563395,4054
35009,19836.492859253423,10153
35011,17883.509493670885,316
35013,19889.94627311968,41469
35015,26723.59092078189,15552
35017,22736.20266232002,7362
35019,18221.626130653265,995
35021,15274.558823529413,68
35023,15394.061615320566,1201
35025,26763.312264569024,18052
35027,17984.315678856663,4758
35028,36243.22496822483,7081
35029,14653.594884203249,5786
35031,21797.609777712132,13541
35033,20109.076555023923,418
35035,19788.26868634559,11586
35037,16396.133782483157,2078
35039,21152.541238544847,7202
35041,18164.252449567724,3470
35043,39198.201825904405,20483
35045,27668.799816450613,34868
35047,17562.702375181772,4126
35049,27125.800123146877,42226
35051,17228.71504237288,1888
35053,21780.506982156712,2578
35055,19009.513628941088,7961
35057,18745.156479217603,2045
35059,17338.341437632134,946
35061,20598.071963824288,7740
36001,33397.446144982256,163151
36003,24705.188035048846,9929
36005,31492.414080142156,189089
36007,29386.484627961006,81349
36009,24461.611530798604,24092
36011,25200.508972267537,20229
36013,24279.604899672355,46697
36015,26555.949907886657,34197
36017,26835.88870124648,12435
36019,25216.49545874384,25984
36021,25508.252985821026,16997
36023,24714.394138838852,14434
36025,25469.130709590427,11866
36027,36521.08796568739,88364
36029,30605.300206374566,386191
36031,21857.357322325915,11144
36033,21419.249481374583,11087
36035,24050.775247451067,13437
36037,23372.681423564303,18545
36039,22248.26765559497,9303
36041,16863.03095684803,1066
36043,22582.007726427244,13978
36045,24789.04067671938,27190
36047,29052.296628740816,408868
36049,23397.30738755535,4291
36051,21674.37457613753,12681
36053,24043.446097713928,17541
36055,35812.99237242513,352930
36057,23705.449617834394,15700
36059,38985.19009105579,516826
36061,77195.97199580382,1931282
36063,29898.887877394634,65250
36065,25677.492254694465,88828
36067,32655.635489293556,213563
36069,26596.830820727057,38539
36071,27244.696525268366,94367
36073,21379.08294868314,7366
36075,28320.532217472937,25033
36077,24939.140328054298,17680
36079,32263.112447757823,17706
36081,34237.83247302154,449062
36083,30952.534037232566,39589
36085,30961.683227072095,81560
36087,36260.18176480746,86865
36089,26211.349844854012,26749
36091,27773.74252110865,53651
36093,37400.20900246617,51497
36095,22437.73377249357,6224
36097,22127.26929183868,3149
36099,25426.0569612041,7707
36101,48855.380123848365,33105
36103,36517.79311872324,480841
36105,22923.152040761015,18449
36107,36063.99634059265,11204
36109,31576.520644238357,40544
36111,24403.122827394534,48214
36113,26351.406898884004,29570
36115,26214.192079391578,10782
36117,25303.818955592105,24320
36119,46281.75668000968,343001
36121,23370.64165931156,9064
36123,21741.510914332783,4856
37001,27356.42387211611,58428
37003,23914.911645731318,9394
37005,19962.514729512586,3734
37007,24543.8131147541,6100
37009,21635.431590974007,7002
37011,19194.954135954136,6105
37013,24129.81706592754,15153
37015,19174.62608225108,5544
37017,22146.33468001102,10891
37019,25794.931387267166,17985
37021,26794.072334249922,91644
37023,25210.94423754063,29536
37025,29627.45227339891,47374
37027,24600.88600429436,30738
37029,21819.513400335007,1194
37031,18842.58278334092,17576
37033,20848.678033658103,2258
37035,28123.308487332986,92208
37037,25055.608405509018,14086
37039,21661.667912984365,8826
37041,22005.48039007844,4717
37043,21472.598984771572,1379
37045,27306.458751759736,31965
37047,25157.392778833502,13682
37049,24856.629931868047,25979
37051,24228.81358827698,79024
37053,19802.780658025924,3009
37055,19630.1088750938,14659
37057,26069.342528945625,43789
37059,23943.3758121987,9542
37061,21879.1587374462,17425
37063,50134.344976855245,149926
37065,27537.911241386402,19446
37067,34491.490359854135,164261
37069,26248.512814101763,7999
37071,28173.845548501402,67730
37073,20336.9263803681,978
37075,21416.039091389328,1893
37077,27930.351782770886,11527
37079,19725.53207267334,2697
37081,32314.74658907624,249859
37083,22791.63228826784,14098
37085,22640.633650395852,17557
37087,23488.752412545236,13264
37089,27946.032885950855,29952
37091,22145.075246763234,7801
37093,20817.993780625708,5306
37095,16653.803680981597,1304
37097,28325.293370344854,49354
37099,21156.120896717373,8743
37101,25450.515171056206,29464
37103,21533.177184466018,1236
37105,27063.10554142153,25156
37107,23992.157208424484,23313
37109,25906.665431729907,16735
37111,25622.177457560207,15198
37113,22774.30037250254,8859
37115,24069.349186483105,3196
37117,28410.71596752368,7390
37119,41202.57094110718,460107
37121,22850.372384118913,5113
37123,22429.168756788782,10127
37125,25506.036020772717,27151
37127,27273.405223390277,36528
37129,27621.62040337063,72390
37131,24427.617691608604,3301
37133,18384.350552705728,27682
37135,27550.399776105478,32158
37137,17999.98006932409,2308
37139,21394.32670157068,9550
37141,19913.743447180303,6295
37143,17971.23450134771,1113
37145,25797.636726732304,10766
37147,24953.639358860197,49412
37149,20366.38214976513,3619
37151,25886.63067742292,45245
37153,22980.279853031232,13064
37155,21720.64750980984,33130
37157,25163.455501002696,28922
37159,28770.97805468183,41330
37161,25428.994045680793,21497
37163,22292.0016510732,14536
37165,25562.127528089888,16020
37167,24957.107711070457,18039
37169,23132.108957099263,5571
37171,23170.81586304382,31835
37173,20238.800313409447,4467
37175,29417.721465849783,8814
37177,17875.214912280702,456
37179,28985.226128831815,38624
37181,22526.525493210353,15612
37183,35160.387265244666,316127
37185,19625.224076704544,2816
37187,19087.99276345545,2211
37189,19884.82655325444,16224
37191,23493.768044061246,34679
37193,26808.53249512248,23065
37195,28387.652634794562,32735
37197,21933.791396854765,8648
37199,21559.218009478675,4009
38001,19628.738726790452,754
38003,19078.857309260336,3434
38005,20714.54806312769,1394
38007,14604.09958506224,241
38009,17951.141146817896,1587
38011,18018.41712707182,1086
38013,20163.900584795323,342
38015,25354.80552024696,33042
38017,27365.22849547527,72601
38019,20263.827940015784,1267
38021,19452.197282929712,1693
38023,13766.566854990584,531
38025,20641.289562289563,594
38027,18378.94559099437,533
38029,17251.87751004016,996
38031,21332.4626569729,1513
38033,16593.705463182898,421
38035,23435.12534353413,26926
38037,16317.918181818182,440
38039,19791.10296010296,777
38041,17984.936619718308,426
38043,16652.471698113208,424
38045,17162.850945494993,899
38047,15124.374407582938,422
38049,19785.220858895704,652
38051,16586.231884057972,966
38053,22432.16204913748,1913
38055,27483.964545896066,2059
38057,39040.03822174031,3689
38059,23596.915809579783,6806
38061,20390.85297691373,1646
38063,15881.246819338423,786
38065,48854.18595041322,484
38067,24825.040308239477,3374
38069,17465.63149261892,1829
38071,18774.348667729446,4391
38073,21169.156549520765,1565
38075,18383.73282442748,524
38077,25058.57682544423,6697
38079,19610.757919904365,3346
38081,36101.886186324,2179
38083,20661.911602209944,181
38085,22943.200896860988,1115
38087,13620.736842105263,19
38089,21059.642474994183,8598
38091,23416.739361702126,376
38093,22441.042800623425,8341
38095,19307.9797979798,792
38097,21717.208754208754,2376
38099,19502.38326752221,4052
38101,21930.96034570412,21637
38103,17392.519911504423,1356
38105,22378.88569835517,7174
39001,24021.898729150118,5036
39003,28039.976603802603,52017
39005,26382.295005389868,16698
39007,24558.54488691089,30109
39009,19620.225008647525,11564
39011,31005.338618894875,16523
39013,20843.574062660504,19470
39015,22695.605549306336,5334
39017,31819.92260822792,107828
39019,24268.357750975523,5638
39021,27806.795835988953,9414
39023,29316.491401625364,49835
39025,32038.18595655353,42397
39027,31225.39616642442,22016
39029,24288.44924012158,29610
39031,27006.65364817387,12239
39033,26257.241832222295,15151
39035,36307.71093168413,715983
39037,26201.94581896039,16814
39039,34203.91044957472,16460
39041,33378.87887933863,30482
39043,30222.161120036722,34856
39045,24356.019201340816,27446
39047,23303.639025456134,9153
39049,34499.494214299724,596557
39051,27357.868918145392,19217
39053,26808.241479843167,9947
39055,29313.70433901739,29615
39057,26453.461536593066,41169
39059,22765.33362225882,11537
39061,37389.98069241794,510732
39063,31669.344143020477,38484
39065,26608.835677482246,7181
39067,23682.934865900384,2871
39069,27592.96937147719,9403
39071,22840.485222998388,9305
39073,22428.14641805692,5095
39075,23879.022625698322,14320
39077,27776.63956884848,24307
39079,22933.145598194133,9746
39081,26718.18652849741,21423
39083,27101.736799184506,14715
39085,30585.092970772395,90394
39087,20737.94330189751,8801
39089,27750.358510999744,47092
39091,31369.709377851737,18629
39093,31507.974008598,91184
39095,31629.385910230383,209826
39097,27553.53698685135,9963
39099,25320.2748736118,96528
39101,27076.840761803993,22683
39103,29208.046013452724,46682
39105,28757.187550525465,3711
39107,24112.992954990215,12775
39109,28523.381318763943,39901
39111,29134.74344096872,3964
39113,34329.72276046656,268259
39115,30430.943223443224,2730
39117,22822.658948279593,4621
39119,24611.895094235035,36080
39121,22575.327007943513,2266
39123,26653.838773191972,13205
39125,25277.710941475827,3930
39127,25214.5759121224,5098
39129,29030.383874362502,12353
39131,28276.411176830512,9806
39133,28240.06432000772,41449
39135,25888.53791208791,9100
39137,25423.74871550904,10510
39139,28301.987001634297,52622
39141,28505.673088845437,20969
39143,27099.64850400337,23730
39145,21741.016493585827,19644
39147,25696.88438175641,19426
39149,34058.33923972787,26017
39151,28289.996376115658,156186
39153,32449.478827816503,236277
39155,33094.07675116226,83673
39157,24006.30491926399,31956
39159,45041.50072219547,20770
39161,26376.856803869672,10957
39163,22842.778858625163,1542
39165,28184.748527916836,52137
39167,26608.191775014133,21228
39169,27713.359560885965,41356
39171,27700.789082743133,17367
39173,30066.623280201344,47680
39175,25169.06201637322,8917
40001,21377.12023542601,3568
40003,17719.20408163265,882
40005,18627.006666666668,1800
40007,24750.440443213298,722
40009,21832.498458376158,5838
40011,21015.369857262805,2382
40013,19549.043002915452,9604
40015,22503.317238627293,5012
40017,35739.775208881765,17474
40019,25457.706544901066,16425
40021,17743.615014662755,8525
40023,17931.506691449813,2690
40025,17358.63829787234,470
40027,21962.954605312196,40247
40029,18139.63197969543,788
40031,21827.42277839379,25252
40033,14963.428802588996,618
40035,21750.315586605637,4151
40037,23697.958313722855,14873
40039,19979.129900990098,7575
40041,18227.959718026184,5958
40043,19322.21466905188,559
40045,16884.943319838058,494
40047,22702.85996705107,19424
40049,23022.635762711863,5900
40051,21933.928262017962,9465
40053,25033.635616438358,730
40055,19901.942172073344,709
40057,16398.063186813186,364
40059,19463.29381443299,776
40061,15802.668112798265,2305
40063,16735.8804001819,2199
40065,19585.717811664832,6361
40067,18729.29592760181,1105
40069,20971.590842669266,2053
40071,26278.86538573508,17175
40073,26393.780578898226,4284
40075,16909.56821665815,1957
40077,24503.91722099039,2706
40079,18972.964410421704,7446
40081,19771.438767395626,5030
40083,18503.012858979855,4666
40085,20663.77923784494,1522
40087,22227.757617728534,4332
40089,22568.20362245472,8889
40091,16327.352486559139,2976
40093,22005.011627906977,1634
40095,20125.28762437811,3216
40097,23566.639813374804,9645
40099,18056.3949752883,2428
40101,23693.12363874918,22865
40103,31187.3173548946,3463
40105,17900.195393759288,1346
40107,17834.64661134163,1446
40109,27615.659649143538,338486
40111,22656.529238906845,6806
40113,28445.221091811414,4030
40115,19438.717196514055,8147
40117,19365.133885739207,2293
40119,19718.26904462298,20662
40121,21364.37082503871,9042
40123,20878.451602327677,12201
40125,21517.806405267886,16705
40127,15609.321133412042,1694
40129,19773.83709273183,399
40131,28269.195191605235,15057
40133,18100.471893730763,6173
40135,17564.368809104024,6239
40137,23979.241657740793,12137
40139,24557.25747611366,8059
40141,20976.172211350295,1533
40143,31483.810477143812,305694
40145,19294.96831406935,5018
40147,30784.169584026622,15025
40149,20463.44158878505,1284
40151,15945.791848617177,2061
40153,22247.40943231441,5725
41001,20914.930955414013,3925
41003,34827.206091604814,26003
41005,32339.07737373216,116241
41007,23841.131301289566,12795
41009,28356.03273221344,8096
41011,23042.851330203444,15975
41013,25218.45667447307,5124
41015,21102.99804763764,5122
41017,25391.357258281714,44556
41019,25157.27874404077,30415
41021,26488.582504970178,503
41023,20903.881667688536,1631
41025,21610.709241952234,1926
41027,20355.412561029738,9012
41029,25276.092616600792,63250
41031,24457.105645933014,5225
41033,22629.668664101155,18190
41035,24387.594871259204,19147
41037,22064.947478991595,1428
41039,26892.083294105563,116839
41041,20969.599133181517,13613
41043,28637.700476121772,34655
41045,20182.99408462001,9974
41047,25524.702323873473,95315
41049,25829.022110972048,2397
41051,36478.06502320784,387800
41053,23532.851479155634,13217
41055,15237.330049261083,406
41057,22231.09363534854,6269
41059,24016.432718594056,23045
41061,22640.86337605672,7334
41063,20457.724609375,1536
41065,22506.80061500615,8130
41067,45207.21357393204,207427
41069,18334.151515151516,132
41071,26081.525034321246,24766
42001,24832.09049650892,25780
42003,36506.68330410901,636456
42005,24510.16944737332,16123
42007,28428.293142411043,48676
42009,23145.955138491594,14333
42011,31788.522185894442,149870
42013,25301.83406360424,49525
42015,27016.300751490024,19295
42017,33364.52132852674,222472
42019,29002.646423298887,59608
42021,23657.532679806005,48455
42023,25741.149895615865,2395
42025,20823.08209657569,13813
42027,25410.07480671948,41908
42029,44248.65892822986,198662
42031,22713.182201203785,11630
42033,23247.34905590522,27010
42035,23286.58884786519,10563
42037,25386.248611046267,21419
42039,26051.192687782805,27625
42041,31702.603301028554,107724
42043,32400.285022317865,131509
42045,36804.07627877882,188637
42047,28405.676984126985,15120
42049,27593.123398176187,116898
42051,21039.23115224829,32736
42053,19618.073593073594,1155
42055,26409.468312836743,41389
42057,29240.555067047702,4549
42059,33036.215419760134,8755
42061,23357.345952062544,9721
42063,24673.58624946786,23490
42065,23894.970672067207,13332
42067,22580.92279901122,5259
42069,26738.997656205338,87465
42071,30319.86425398093,200330
42073,25643.545763913506,28210
42075,26551.563576656554,35933
42077,35467.0949625004,155335
42079,26848.251757951875,124719
42081,25750.65233506301,47215
42083,25382.713017365193,15318
42085,25523.79595890411,43800
42087,25416.432151881447,14643
42089,24642.658932305443,39693
42091,44066.12332223028,446724
42093,35117.83806667843,11338
42095,30427.542474158054,74975
42097,25859.99573235787,26244
42099,20075.2012987013,6006
42101,39067.761224404356,549361
42103,20588.09051861279,6286
42105,28635.230887084417,6527
42107,25442.546867995752,42385
42109,22711.90423457306,14358
42111,21900.118735788994,21990
42113,18624.509273570326,1294
42115,19859.616614373226,6693
42117,22256.932544938507,10570
42119,25251.847997112956,13855
42121,25065.01004968383,17712
42123,26131.43847150259,13896
42125,29179.863118592584,63208
42127,21360.506048211642,11491
42129,27217.054382424707,118439
42131,29962.09664011084,8661
42133,30699.548231107114,151168
44001,26479.525753660637,11610
44003,29816.127579459204,67456
44005,29610.332945942355,30116
44007,32104.378704126844,251645
44009,28705.34578856349,35273
45001,23491.01103000811,6165
45003,35409.03687755102,49000
45005,26766.826960977534,2537
45007,25697.21370670597,52923
45009,20844.12322791712,3668
45011,37007.7904475043,6972
45013,24901.214015695812,45235
45015,28937.77856352718,25312
45017,30372.644365053588,3079
45019,26169.34135240125,145445
45021,26838.142277940784,18745
45023,26088.635972805438,10002
45025,26213.98172994576,14012
45027,19505.509208910717,5701
45029,23024.464578141688,8427
45031,30533.817127703827,19232
45033,19256.96482972136,8075
45035,24700.95955760194,21067
45037,21605.07964414319,4721
45039,37646.30399866153,5977
45041,27000.517938055353,50981
45043,23124.858484005563,17256
45045,31168.466083676103,208351
45047,28261.47187463905,25973
45049,25246.92837407014,4705
45051,21999.44350651564,88019
45053,21238.600408639813,3426
45055,26877.533520701945,14588
45057,27260.41642156863,16320
45059,26107.91982570806,16065
45061,20515.24534883721,2580
45063,27154.4286949386,68242
45065,19582.864217252398,1252
45067,21940.25308775731,9230
45069,24994.547510575983,6146
45071,23089.54305406373,11172
45073,29412.36774370208,21912
45075,22614.980143488658,27598
45077,22619.081619427674,29319
45079,29022.458717630067,148865
45081,20468.263059701494,3752
45083,30306.345467516316,103729
45085,22908.156368697266,34489
45087,23106.870640456564,7885
45089,22715.35092667204,7446
45091,28870.980275247293,51154
46003,17062.426987060997,541
46005,22311.81202521416,6187
46007,18783.715242881073,597
46009,18995.975927130774,1537
46011,22446.645445134574,11592
46013,22434.965410896777,16537
46015,16992.32457912458,1485
46017,19235.722077922077,385
46019,19572.705362078497,1809
46021,17126.09756097561,287
46023,17378.27269274592,2633
46025,17126.973720608574,723
46027,22405.566294170945,3311
46029,23130.9015680096,13329
46031,15709.167848699764,423
46033,16813.798878766644,1427
46035,22974.872826314688,9546
46037,17426.463151207117,1574
46039,22671.724107142858,1120
46041,19183.426424050635,1264
46043,17041.420798065297,827
46045,20195.23304347826,575
46047,14734.578907435509,1318
46049,18003.56234096692,393
46051,22352.320335159522,3103
46053,17808.258653846155,1040
46055,19009.274294670846,638
46057,19260.721598002496,801
46059,16804.696132596684,905
46061,23429.330985915494,284
46063,15798.401098901099,182
46065,20572.205195229537,6121
46067,18301.012943432408,2086
46069,20060.783834586466,532
46071,15819.055309734513,452
46073,18209.87441860465,860
46075,17105.605263157893,342
46077,19682.0206185567,1358
46079,21071.662714097496,3795
46081,19821.816642120764,8148
46083,23669.34791386272,4458
46085,16067.374542124542,1092
46087,18439.24298245614,1140
46089,14558.585324232083,586
46091,19878.145472061657,1038
46093,19342.218727139723,4101
46095,12936.088,125
46097,18373.1,810
46099,27820.465369857942,97213
46101,22231.785139318887,1615
46103,23367.93441657836,42465
46105,17652.931187569367,901
46107,16392.14401076716,743
46109,16456.104029605263,2432
46111,15520.519266055046,545
46113,22689.795900178255,2244
46115,18103.837480559876,1286
46117,20404.261239368167,823
46119,17884.379699248122,266
46121,16796.365079365078,1890
46123,18529.617217108826,1847
46125,18499.417525773195,1552
46127,43080.553884195346,9706
46129,17209.55681233933,1945
46135,22673.891510346162,10342
46137,24216.089743589742,156
47001,34496.50705754614,32235
47003,25529.137906423475,12610
47005,21619.86710488711,3499
47007,25153.728859060404,1490
47009,31166.704421361035,30036
47011,27953.252621068397,32048
47013,20748.681636037032,7237
47015,21459.617647058825,1258
47017,22701.065176022836,6306
47019,21470.09780207001,8599
47021,27298.54739192206,4927
47023,25256.474678760394,2646
47025,19249.450484094054,7230
47027,24132.191761363636,1408
47029,23747.824314082158,6597
47031,27757.03180994564,19868
47033,24053.375,3224
47035,23829.470100697134,12910
47037,35856.33528662558,369803
47039,22847.18082014853,3097
47041,22491.047350908626,3907
47043,26019.145754682064,13509
47045,25426.51989008113,15284
47047,28919.517096134787,4036
47049,19195.417604235605,3022
47051,22779.042616085724,8119
47053,25515.261032161558,14707
47055,26486.731872717788,9585
47057,21078.86086360521,2918
47059,24247.869989350373,23475
47061,16281.957132298596,1353
47063,27264.213094204995,31113
47065,29498.26403017766,164360
47067,16659.264919941776,687
47069,22932.62577747063,5788
47071,24615.56390863712,6611
47073,27270.9010989011,10738
47075,24809.97510373444,4820
47077,25767.222283813746,9020
47079,24079.620092492376,10163
47081,22256.342313051555,2153
47083,18791.141610087296,1031
47085,33216.845003399045,4413
47087,21598.388619014575,1441
47089,26632.0583926329,9556
47091,21320.969372693726,2710
47093,29641.037856365743,170962
47095,18710.01300390117,769
47097,23209.53299031477,6608
47099,22076.36809068765,10674
47101,20704.863247863246,1872
47103,24271.553084768435,5981
47105,25403.856518327542,8921
47107,28681.237520715942,15085
47109,23295.429343629345,7770
47111,20250.433201803833,3548
47113,28643.020379950052,44848
47115,21119.755881832654,5653
47117,28603.19618349314,10638
47119,38417.0461594072,27665
47121,23264.897826086955,1380
47123,23875.42075578116,10638
47125,23923.671251331536,31918
47127,29190.54367666232,767
47129,22066.540864133265,1921
47131,32723.272370109044,12472
47133,21839.022416302767,3435
47135,25452.7652,2500
47137,17999.646188850966,879
47139,19209.249513618677,2056
47141,25492.8106245923,24528
47143,22506.369520781285,8806
47145,36685.195851528384,13740
47147,24838.00256904303,12456
47149,30964.745512810867,66467
47151,22016.914015808754,5187
47153,20694.14110150205,2197
47155,19880.80976207495,29379
47157,34182.23825095443,432716
47159,26622.584546232876,4672
47161,21304.104347826087,1265
47163,31282.06972088673,60943
47165,27679.44878899197,32122
47167,25867.946576286766,8704
47169,20603.2012934519,1237
47171,29340.762457531146,3532
47173,20210.907707910752,1972
47175,29694.19099590723,733
47177,28747.905094311598,13466
47179,24742.418675133496,48503
47181,18632.612619222306,2726
47183,23875.639221003326,8113
47185,23782.357564817852,6094
47187,35185.650429525325,52267
47189,29347.280285630768,23947
48001,26703.595570577247,11243
48003,29752.485850556437,3145
48005,26285.40281680488,29182
48007,20259.421353452217,4374
48009,19074.524100994644,1307
48011,27359.60736196319,326
48013,22811.076156069365,6920
48015,31299.971476003622,6626
48017,22088.27636560303,1849
48019,18642.521440823326,1749
48021,20977.29081937799,6688
48023,17637.636046511627,860
48025,20869.315056757336,4669
48027,24447.2007078909,67242
48029,29135.34808625796,528415
48031,23258.694591728527,1886
48035,21459.992170818507,2810
48037,24406.64299574468,29375
48039,36176.21020792701,60502
48041,23608.64180749449,46274
48043,20504.46360424028,2830
48045,17646.855978260868,368
48047,17516.296035805626,1564
48049,24464.343094151805,12055
48051,22845.67447698745,2390
48053,23216.405692496253,7343
48055,20324.104849000425,4702
48057,39496.64198131569,10276
48059,20438.3341991342,1155
48061,19512.65466423035,83733
48063,21892.50260202684,3651
48065,48066.02151115891,3719
48067,24442.49498672958,6782
48069,20999.52880124546,1927
48071,38004.16122082585,5570
48073,21649.470044261776,12652
48075,16618.71796875,1280
48077,25964.43487109905,1474
48079,19610.761552680222,541
48081,23169.56086956522,690
48083,15956.741228070176,1368
48085,41830.46922817707,145409
48087,21003.899814471242,539
48089,22543.067972575907,5105
48091,24419.95249443915,25176
48093,19640.920438472418,2828
48095,19264.61581920904,708
48097,26291.787413280475,10090
48099,18935.79717488101,6513
48101,28446.879093198993,397
48103,32075.758620689656,1073
48105,20378.90863453815,996
48107,18149.13687600644,1242
48109,14146.0,583
48111,24736.083653108213,2606
48113,45220.30403575241,1418422
48115,25670.85590465872,3692
48117,22780.317580340266,4761
48119,19610.112037037037,1080
48121,29588.385922918755,94835
48123,21463.40618002687,4466
48125,22503.10826210826,351
48127,18929.737532808398,1524
48129,16859.730038022815,526
48131,20945.044260027662,2169
48133,22664.620139398387,5452
48135,27064.548207151292,39797
48137,18962.71186440678,177
48139,27199.18226266952,28020
48141,23529.135647089384,196333
48143,22024.292847503373,10374
48145,20189.219082908756,2159
48147,25317.984084880638,5278
48149,22869.191161204213,6743
48151,20281.451785714286,560
48153,20104.044854881267,1516
48155,14490.929765886287,299
48157,37097.984745375004,69946
48159,22833.598307615728,2009
48161,26351.39932773109,2975
48163,17894.987129066856,2797
48165,23978.41584473433,3143
48167,28571.393268819047,58385
48169,21621.543264942015,1121
48171,20454.93786537498,5987
48173,22677.649572649574,234
48175,22669.68253968254,819
48177,21287.26614481409,4599
48179,31773.63810635106,5999
48181,29881.613031983827,38582
48183,26291.177041629762,56450
48185,30238.139395286795,4498
48187,27208.980596667054,17162
48189,23347.10226989274,12027
48191,16461.16464237517,741
48193,19330.713985278653,1902
48195,27758.009769713888,1433
48197,20868.08190091001,989
48199,23374.07753164557,8216
48201,42864.92904442028,1612079
48203,29760.165400889662,18434
48205,21846.70243902439,615
48207,19459.0129982669,1154
48209,23994.249020637293,24761
48211,26762.303571428572,1008
48213,21776.61395821923,12781
48215,19628.489818098617,122374
48217,20385.64547368421,7125
48219,23212.708333333332,6192
48221,22669.588212485458,7737
48223,24855.284612767886,8819
48225,34221.20729472141,5456
48227,23389.497828893323,8521
48229,18316.16346153846,416
48231,28889.913078666235,18534
48233,37142.92054714785,6872
48235,30841.02032520325,246
48237,23890.45175766642,1337
48239,24968.32434384782,4153
48241,26630.891371892925,8368
48243,19664.779742765273,622
48245,31297.02636209078,101168
48247,17986.921875,960
48249,22611.15840232918,10991
48251,24691.759308906763,26856
48253,19586.262295081968,2318
48255,18759.166805671393,2398
48257,24411.15460924268,16532
48259,24396.73200065009,6153
48261,21143.093023255813,215
48263,26531.733333333334,75
48265,22792.20995893224,11688
48267,17084.00244897959,1225
48269,34522.0569105691,123
48271,13602.591362126246,301
48273,21644.96961047683,5956
48275,20715.834298957125,863
48277,25319.92731109678,17059
48279,20544.58617672791,3429
48281,19285.308488612838,3381
48283,17224.019498607242,718
48285,19218.29250050536,4947
48287,23338.6444386559,3839
48289,34360.49429657795,3945
48291,24401.537876778926,11313
48293,24083.72618269021,4587
48295,27782.25884244373,622
48297,25130.45464362851,1852
48299,22061.074409576187,3091
48303,24608.649009483895,92578
48305,21790.77659574468,1034
48307,21718.73923923924,1998
48309,26123.0821834817,80880
48311,38985.087719298244,114
48313,21016.57087075361,2561
48315,18394.127723516154,1331
48317,25073.663426488456,823
48319,18951.565656565657,594
48321,35562.96171324699,8802
48323,17321.977349943376,7947
48325,20339.821661828737,5512
48327,14637.545205479451,365
48329,31305.936696822082,43110
48331,32371.720947176684,5490
48333,18896.413513513515,1110
48335,20655.669666966696,1111
48337,20927.826303553637,3011
48339,32631.517488567544,64728
48341,27025.20439528871,6962
48343,32974.91053144808,4102
48345,18136.659388646287,229
48347,21875.510524459078,17008
48349,23160.626295771497,13409
48351,22638.5940397351,1510
48353,23158.982604373756,4024
48355,27481.949008767762,115765
48357,27888.492854874563,3149
48359,19432.835227272728,704
48361,31928.2852625527,20872
48363,21784.22675120773,6624
48365,24293.33714629741,4983
48367,24149.23020324907,13727
48369,24675.122784484975,3893
48371,20974.04654255319,3008
48373,23133.707615040043,7367
48375,25672.52049394443,63165
48377,14760.543572044866,1159
48379,19840.25744476465,1041
48381,25431.94122942387,15552
48383,25411.84765625,768
48385,14550.404411764706,408
48387,18158.268892794375,2845
48389,16197.636288318145,3621
48391,23221.705474171165,1297
48393,19945.648,125
48395,24959.19590067008,2537
48397,27099.30498407506,11617
48399,21181.664278036547,2791
48401,28385.346705925655,10868
48403,27518.95530726257,1969
48405,20293.917024320457,1398
48407,19610.99466869764,1313
48409,28751.35963662273,11228
48411,18129.097481722176,1231
48413,20096.209540034073,587
48415,26940.754454987273,4321
48417,23002.65557404326,601
48419,20082.836415601883,5948
48421,22518.248684210525,760
48423,29409.284526701584,71213
48425,39815.39291571007,3049
48427,12641.815063771113,5802
48429,21200.50641025641,2340
48431,21459.666666666668,312
48433,20690.448795180724,332
48435,24801.459349593497,1230
48437,19984.922151898732,1580
48439,35644.557761991426,614314
48441,23832.3795462319,43855
48443,21399.418367346938,196
48445,23081.302020958083,2672
48447,17247.51012145749,247
48449,26009.75641333014,12513
48451,25032.365800312455,35205
48453,43220.81389934603,429531
48455,19386.659907300116,1726
48457,20316.953195772523,1987
48459,21122.394211352927,4457
48461,31385.142437591778,681
48463,18453.114293737715,7122
48465,18125.06902767469,9431
48467,20681.31794567315,6737
48469,27513.09793053688,30491
48471,20635.708768786702,10047
48473,25047.374097403594,6509
48475,25262.305197901765,2097
48477,24421.09822440499,10588
48479,21523.706789719014,53419
48481,22900.002961333445,11819
48483,19547.364854215917,1269
48485,24050.090963193554,43688
48487,21272.243068640648,3715
48489,19182.63383392226,2264
48491,54648.78391763529,64008
48493,17207.23278399058,3398
48495,28243.602459016394,1464
48497,26897.326618705036,9730
48499,21087.490389051207,6503
48501,26310.319036144578,2075
48503,24228.470453599668,4806
48505,21444.286404833838,1655
48507,13196.195214790647,1839
49001,18751.561760841,1522
49003,33624.496288646485,15493
49005,21340.389427200815,31477
49007,27455.914910226387,6405
49009,18794.12156862745,255
49011,24739.032071079015,63141
49013,24486.620592823714,3205
49015,37290.46,2700
49017,16249.80943275972,1569
49019,16624.846038415366,3332
49021,18372.86729312494,10429
49023,21091.880791254556,1921
49025,16451.46904315197,2132
49027,25156.866125044155,2831
49029,26205.47489711934,1215
49031,16454.304347826088,115
49033,13030.816537467701,387
49035,32091.693482924693,456800
49037,20048.996741344195,2455
49039,16412.125751168485,4493
49041,20579.87520028485,5617
49043,25566.17803459476,13239
49045,27920.263123868634,7734
49047,24221.801146444657,7327
49049,28172.00528133086,122507
49051,20513.967306133476,3701
49053,21400.658622739833,28593
49055,15827.875294117646,850
49057,25964.803123721584,68444
50001,27356.12723080864,11711
50003,25105.890946623414,16955
50005,23430.372888382215,9649
50007,34364.11453491217,81748
50009,25067.45763888889,1440
50011,25372.98807409287,11823
50013,18768.728429985855,707
50015,21093.62789927104,9054
50017,23016.638082376772,5924
50019,22783.818554790894,7556
50021,26339.59701794903,24681
50023,27486.683506202968,24585
50025,28184.60470356288,21303
50027,26363.005031042605,18684
51001,18424.138649871373,11273
51003,31006.939875604698,27493
51005,26408.459496255957,2938
51007,22172.926600728788,1921
51009,26034.182867557716,6584
51011,21686.14305317324,2915
51013,50088.709592900894,116409
51015,28530.575436819447,19745
51017,26198.80052356021,1910
51019,24490.056163731555,10505
51021,26564.159045725646,1006
51023,27054.636527436527,6105
51025,21779.087079445857,3537
51027,28922.68394898128,6037
51029,21749.87305986696,1804
51031,28727.001173555873,15338
51033,23608.064669237614,3371
51035,19912.622134222594,4798
51036,25389.008056394763,993
51037,21956.695406626506,2656
51041,31938.652268417376,90173
51043,26992.928756476686,3860
51045,18048.95,300
51047,28859.205541810985,10105
51049,19204.953828828828,888
51051,24324.16471608149,2307
51053,28495.58427419355,4960
51057,19530.72692621835,3673
51059,52595.27290131926,473750
51061,27385.490933370816,14228
51063,19303.898484848483,1980
51065,22560.471586424625,2534
51067,22429.388040712467,11790
51069,28624.16874394128,14442
51071,28280.56027088036,4430
51073,19105.231237322514,6409
51075,32371.721407624635,5115
51077,21783.561598224194,1802
51079,23268.839542604204,2711
51081,26794.63088574251,3037
51083,23802.364317066873,11619
51085,28923.878749031064,33542
51087,36484.234152668956,152644
51089,23252.620327223776,19314
51091,16911.741379310344,406
51093,30040.6114411039,10943
51095,24111.24628437331,16619
51097,21784.38770053476,748
51099,36892.70907172996,4740
51101,29844.04243041412,2946
51103,23134.624108053005,3924
51105,21416.801470588234,3672
51107,56033.1533987885,74453
51109,33715.97246503497,4576
51111,20712.696215655782,1929
51113,20648.679590343818,2734
51115,17979.80842279108,1211
51117,20110.11732340804,12359
51119,18820.96422413793,2320
51121,23688.472057268365,24586
51125,19477.46649946256,2791
51127,20731.661067193676,2024
51131,20715.75678866588,4235
51133,19283.139597315436,2235
51135,19795.614448051947,3696
51137,23312.334413369714,5864
51139,19869.684938613176,5783
51141,21250.71582962492,4719
51143,29503.74428387272,14739
51145,23969.076975945016,2910
51147,20343.674308534242,6761
51149,21833.01595951732,5138
51153,27473.585235231112,60685
51155,27260.890409026797,14180
51157,31046.62980769231,1040
51159,21270.09368635438,1964
51161,27322.665857749544,28021
51163,22601.605690315522,5483
51165,27634.638650634053,24367
51167,23676.06436324721,6541
51169,19863.176639083387,3142
51171,22800.479230467216,12735
51173,23576.955142418556,11726
51175,25879.27126518942,2798
51177,25128.399016508607,19929
51179,26728.39297859572,19996
51181,53299.57524613221,1422
51183,22202.33803368586,2553
51185,21555.847908159336,12979
51187,24112.471888967302,8502
51191,24310.460681520315,16786
51193,18835.387096774193,2542
51195,26115.232828282828,9900
51197,21868.154369907355,8959
51199,21206.10579848735,11503
51510,40822.08446141691,75940
51515,25314.698992443326,3970
51520,23394.07423651722,12312
51530,23589.436259373622,2267
51540,27841.241611234294,27060
51550,25403.88790251351,66799
51570,18570.37752093407,8479
51580,33635.03515981735,4380
51590,22027.861021909677,24601
51595,18956.766460628864,3721
51600,38633.59391456992,15381
51610,43384.92919633774,9830
51620,21067.642510699003,3505
51630,25384.578174824113,19757
51640,21476.598492101482,8356
51650,26749.031254828384,45305
51660,24403.298844031877,22838
51670,36342.37221941355,7912
51678,24158.411528150133,3730
51680,28980.96444041503,49635
51683,35048.82464884459,17656
51685,36149.461095100865,3470
51690,22697.07209635307,11873
51700,29962.756650233656,77892
51710,30753.637928248223,111384
51720,26845.809807256235,3528
51730,26298.090807271474,11607
51735,17114.746017699115,1130
51740,26912.620873786407,24720
51750,27896.296731800103,5783
51760,38790.37185175357,120583
51770,28482.449144648323,67633
51775,30623.293266235323,20865
51790,22109.38536911257,8981
51800,25567.880130209996,15667
51810,24512.730885692657,140026
51820,29832.539142828056,9823
51830,22755.42859887295,15616
51840,28311.998993401186,26823
53001,21089.264790247402,5578
53003,21297.621726479145,4124
53005,33298.646719038814,51936
53007,22029.34177044766,29710
53009,21900.359672658975,14908
53011,31471.16864593085,95069
53013,20403.868105515587,1251
53015,29963.730492828578,33257
53017,17891.371204561652,7015
53019,23988.388834476005,1021
53021,21993.074523593466,17632
53023,20049.25,376
53025,20384.08664997914,23970
53027,25696.355992748988,18756
53029,20934.944490558206,9638
53031,20973.972900185156,5941
53033,48423.89849203723,1021378
53035,23990.50065728509,46403
53037,18648.38341903926,7973
53039,25574.228755167664,4354
53041,25506.54761313397,20131
53043,21036.0,1603
53045,23139.30921589188,8583
53047,17121.46336800245,13076
53049,18846.338768948095,4354
53051,25278.707175925927,1728
53053,28887.922044250743,188607
53055,21133.040322580644,3968
53057,25675.302618653343,35629
53059,23679.759868421053,1216
53061,34840.74925384879,177913
53063,28590.167430203044,157600
53065,23698.47641196013,7525
53067,27831.21944575102,51024
53069,24548.836879432623,564
53071,24087.731722460805,19327
53073,25895.193905526936,57265
53075,20856.205170517052,7272
53077,21692.853429072762,80357
54001,18137.115752828548,2298
54003,24494.290732359597,19444
54005,38297.25630477553,5591
54007,19981.286005434784,2944
54009,30279.295524978308,8067
54011,25626.06998420221,44310
54013,19418.8376753507,998
54015,30193.5591229444,1277
54017,18386.372056514912,637
54019,21773.78381710187,8923
54021,19529.062734082396,1068
54023,24572.383561643837,3212
54025,22570.751163692785,10312
54027,19591.857484076434,2512
54029,31541.40860807302,12709
54031,20612.269481765834,5210
54033,24691.802803427334,24042
54035,27850.686277137498,7462
54037,20344.695753996537,9821
54039,30014.191957702013,91541
54041,21072.69261713204,4226
54043,18841.94364508393,1668
54045,25256.65131863381,9252
54047,23600.549370444,3018
54049,25325.709096692113,15720
54051,34256.846541155865,9136
54053,30983.524467005078,4925
54055,23087.233506798722,17871
54057,22181.819547405383,5126
54059,31830.328369784394,6447
54061,25390.797676146725,29606
54063,20075.64955175224,1227
54065,22488.86703601108,2166
54067,22397.05814298428,6742
54069,24716.727056168507,23928
54071,21250.772764561116,1219
54073,37651.85632483082,1921
54075,20197.337933474875,2826
54077,21340.643383084578,5025
54079,30275.351276696085,14843
54081,24600.833922118,24627
54083,19970.164901016586,9345
54085,22601.221821099076,2493
54087,20706.777740074653,2947
54089,17988.471467391304,1472
54091,21401.77390438247,2008
54093,18569.98341550874,2231
54095,33848.568245125345,1795
54097,23814.464234959734,6333
54099,25369.65417867435,6246
54101,23795.54384816754,1528
54103,19116.91114701131,3714
54105,13814.570405727924,419
54107,27162.45207754724,36726
54109,26314.730206006454,4029
55001,21211.415453527436,2679
55003,23653.657455382843,6948
55005,22706.84872756192,17604
55007,16828.754660700968,2682
55009,31265.617068662857,129313
55011,28385.027290936403,3994
55013,22000.552789934354,3656
55015,26735.524117178513,11299
55017,26025.20384234284,18166
55019,22259.55210117244,7591
55021,23678.025571002978,16112
55023,21152.202095808385,6680
55025,31150.635425160093,209721
55027,28921.546749598714,29904
55029,20800.517284390593,11224
55031,23167.300970149252,13400
55033,24063.66247179309,11522
55035,25594.58673738932,47321
55037,17590.051442910917,797
55039,28643.972465401865,41693
55041,19171.69820872274,2568
55043,20407.45690654711,12937
55045,23624.730826246392,12817
55047,23279.578378378377,6290
55049,24465.055852156056,9740
55051,18107.47400611621,1962
55053,24446.540049360556,8914
55055,26939.811539430586,31752
55057,24725.632938490082,7007
55059,31126.608856515206,43245
55061,24564.178228782286,5420
55063,26759.26700474635,55411
55065,20770.88382594417,2436
55067,21703.320083061408,6742
55069,23402.285456369107,9970
55071,28341.20453627466,32185
55073,28723.85310496119,59260
55075,25655.872142857144,16800
55077,22082.363154406892,3018
55078,22350.043173862312,1714
55079,34274.4260814087,470220
55081,21717.469885202077,12718
55083,20921.533696215654,7716
55085,24088.939825811558,15156
55087,30621.68914341586,85911
55089,33413.02521601626,35414
55091,22822.470697100554,1621
55093,21653.801014136447,6508
55095,23718.767519096647,12044
55097,26396.197027537895,26981
55099,24436.109765329296,5284
55101,32290.195519669567,69727
55103,22685.96246592577,4769
55105,31157.762395955677,58749
55107,21679.651785714286,4816
55109,26102.032899429385,22432
55111,24352.366478029293,30040
55113,21012.60915946294,5437
55115,21835.680127216652,10376
55117,30427.929276764444,54989
55119,24189.413703269507,7677
55121,24234.349630812212,10022
55123,19694.81536576829,5714
55125,19313.203250863062,6952
55127,25652.063198154443,32944
55129,19403.28590425532,4512
55131,28818.79113025259,42955
55133,35933.601814162736,205384
55135,24944.604679802957,17052
55137,18637.8056128766,4846
55139,34640.587499842295,79263
55141,32188.52214505584,39309
56001,19482.018776765126,9107
56003,27112.643708116157,2686
56005,34458.40428468161,15217
56007,22843.561684596018,4369
56009,26893.443807704552,3141
56011,22321.435433070867,1270
56013,21257.055804878048,10250
56015,19530.17592908285,2933
56017,19017.47783933518,1444
56019,17475.054296257247,1897
56021,23968.725687889135,24895
56023,25652.062063181438,3577
56025,29141.781543534104,26083
56027,14894.831460674157,445
56029,21671.71895124195,8696
56031,24809.89010989011,2548
56033,21052.464755522462,8058
56035,24559.082200647248,1545
56037,36075.43058091567,14787
56039,25877.67895608948,14484
56041,24710.704246713853,5934
56043,23850.681883537025,2782
56045,26279.841471571905,1495
72001,9232.433834586465,1330
72003,13816.376251390433,3596
72005,19473.94403697378,9953
72007,16073.707702435813,1519
72009,16945.44948272067,4543
72011,19304.979304635763,3624
72013,16805.22295870056,13729
72015,16451.86022433132,1159
72017,33869.608140462886,8771
72019,11548.438457736036,2023
72021,15605.023120567375,49350
72023,13279.389425657542,3726
72025,16434.200318527695,33906
72027,13888.01706629055,7090
72029,15035.853924418605,2752
72031,19832.856147674975,39763
72033,19348.892017686758,12891
72035,17792.610026619343,6762
72037,19365.966115051222,1269
72039,14413.687699171447,1569
72041,25101.286766059267,5433
72043,14090.986083499007,3018
72045,11168.874131944445,1152
72047,10731.537728026535,2412
72049,11490.901907356949,367
72051,20109.28848114169,5886
72053,17211.183286148684,9537
72054,12425.890625,448
72055,12076.605,1000
72057,20187.104382859237,8191
72059,12731.015138772078,1189
72061,22336.30148821533,42131
72063,21046.14883551674,2748
72065,12083.714179104478,5360
72067,15733.230927835051,1455
72069,18712.86114151681,12790
72071,12128.065924073653,4399
72073,17179.269266055046,2180
72075,12366.775958074026,3053
72077,26734.81670693821,2897
72079,10248.548532731376,2215
72081,10947.76357335387,2597
72083,8053.365949119374,511
72085,27439.677083333332,6432
72087,16148.548245614034,684
72089,15300.789828749352,1927
72091,22568.89760638298,15040
72093,16527.476232394365,1136
72095,11612.228476821192,302
72097,14232.409193175426,32002
72099,14833.53841870824,3592
72101,12023.143103448276,2320
72103,13383.74548736462,1662
72105,12975.367464539007,2256
72107,9067.562084257206,902
72109,12256.617056856187,1196
72111,19073.677204658903,2404
72113,16298.608955845237,38433
72115,10314.386113886114,2002
72117,12382.610894941634,771
72119,15082.277709105892,4854
72121,17490.019421860885,2214
72123,11964.712519936204,2508
72125,16925.782254344147,6503
72127,20391.137963839607,218637
72129,18935.210416666665,3360
72131,11128.645868945869,3510
72133,15882.261068334938,4156
72135,14469.041340782123,1790
72137,18937.019518272424,9632
72139,12141.844939069882,8042
72141,9942.623554153522,1902
72143,17194.177164028293,2969
72145,20379.473929872496,8784
72147,16330.489566613162,623
72149,14479.261267605634,1420
72151,17406.912143928035,3335
72153,11792.039559925093,4272
78010,28077.121795403633,12053
78020,20178.2526368659,1991
78030,22985.70600755235,14565
